Size,Type,IsDegradeRead,NativeecTimes,MicroecTimes
1028,GET,False,3.2,2.81
1028,GET,True,12.73,4.75
1028,GET,False,2.11,2.37
1032,GET,False,3.46,2.88
1032,GET,False,8.21,2.49
1032,GET,True,10.54,3.59
1036,GET,True,12.58,3.38
1040,GET,False,4.78,3.21
1044,GET,False,3.63,2.34
1060,GET,True,6.82,3.62
1068,GET,False,6.42,5.11
1068,GET,True,7.76,3.85
1076,GET,True,15.52,3.09
1076,GET,True,5.37,3.06
1080,GET,False,2.76,1.95
1080,GET,False,4.99,2.52
1088,GET,False,3.55,2.85
1128,GET,False,3.36,2.4
1128,GET,True,13.15,3.23
1128,GET,False,6.76,1.88
1128,GET,True,4.24,3.2
1128,GET,True,5.72,3.47
1128,GET,False,3.44,2.6
1128,GET,False,3.61,2.05
1128,GET,False,3.25,2.45
1132,GET,True,3.3,2.44
1132,GET,False,5.03,4.53
1132,GET,True,7.07,4.23
1132,GET,True,9.45,10.44
1132,GET,True,3.8,2.62
1132,GET,True,13.5,5.81
1132,GET,True,4.45,3.34
1132,GET,True,4.16,3.05
1132,GET,False,2.97,3.94
1132,GET,True,4.8,3.09
1132,GET,False,3.3,2.49
1132,GET,False,3.73,1.71
1132,GET,True,5.14,3.02
1132,GET,False,6.13,3.94
1132,GET,False,3.18,3.16
1132,GET,True,5.23,3.25
1132,GET,False,5.94,1.64
1132,GET,False,6.12,2.61
1132,GET,True,3.93,2.55
1132,GET,False,2.97,3.04
1132,GET,True,3.47,2.67
1132,GET,True,4.48,3.5
1132,GET,True,3.97,2.3
1132,GET,True,5.18,2.89
1132,GET,True,3.59,3.01
1132,GET,True,14.99,5.86
1132,GET,False,4.57,2.48
1132,GET,True,9.97,3.63
1132,PUT,False,5.13,1.92
1132,GET,False,6.19,2.2
1132,GET,False,8.92,4.04
1132,GET,True,6.0,4.23
1132,GET,False,4.01,2.49
1132,GET,True,12.53,3.28
1132,PUT,False,4.28,2.56
1132,PUT,False,3.32,2.47
1132,PUT,False,7.36,8.25
1132,GET,False,3.36,2.02
1136,GET,False,4.57,2.3
1144,PUT,False,9.2,5.48
1144,GET,True,13.2,4.21
1148,GET,False,2.64,1.82
1148,GET,False,4.01,2.78
1152,GET,False,8.3,3.84
1152,GET,False,2.27,1.68
1152,GET,False,9.52,30.58
1152,GET,True,5.03,2.67
1152,GET,False,6.85,4.08
1152,GET,True,14.33,3.91
1152,GET,True,10.21,106.84
1152,GET,False,2.9,2.08
1152,GET,False,3.09,2.54
1152,GET,True,27.62,4.24
1152,PUT,False,4.31,2.94
1152,GET,True,4.32,3.73
1152,GET,False,1.74,1.68
1152,GET,False,3.93,2.15
1152,GET,True,6.54,3.7
1152,GET,True,18.74,4.07
1152,GET,True,11.89,3.1
1152,GET,False,4.57,2.39
1156,GET,True,10.83,3.82
1156,GET,False,5.3,2.45
1156,GET,False,4.42,2.03
1156,GET,True,15.53,8.08
1156,GET,False,5.34,2.64
1156,GET,True,18.36,5.68
1156,GET,False,3.6,2.67
1156,GET,True,3.6,2.77
1156,GET,True,3.39,1.8
1156,GET,True,4.6,3.86
1156,GET,True,18.97,4.16
1156,GET,True,4.4,2.6
1156,GET,True,13.0,3.16
1156,GET,True,14.74,4.11
1156,GET,False,2.72,1.75
1156,GET,False,4.95,2.91
1160,GET,True,14.48,3.06
1164,GET,False,5.91,1.89
1172,GET,True,12.56,3.8
1188,GET,True,13.39,3.04
1192,GET,False,4.42,2.66
1192,GET,True,4.95,3.28
1232,GET,True,3.81,3.22
1232,GET,True,6.34,3.36
1232,GET,False,2.93,2.39
1236,GET,False,2.42,2.11
1236,GET,True,5.07,3.85
1240,GET,False,5.71,1.69
1240,GET,False,3.72,1.95
1240,GET,False,3.37,2.1
1240,GET,False,3.38,1.84
1244,GET,True,4.75,2.85
1244,PUT,False,3.04,2.85
1244,GET,True,5.27,2.82
1244,GET,False,3.82,2.34
1252,GET,True,4.18,2.74
1256,GET,True,4.43,2.66
1256,GET,False,4.08,1.95
1256,GET,False,2.92,1.81
1276,GET,True,8.29,4.7
1288,GET,True,8.28,2.37
1292,GET,False,3.2,2.35
1292,PUT,False,5.73,3.65
1292,GET,True,8.68,2.72
1296,GET,False,3.16,2.8
1304,GET,True,5.41,3.13
1308,GET,True,4.27,2.81
1308,GET,True,11.72,2.48
1316,GET,False,3.81,2.45
1316,GET,True,3.67,3.68
1324,GET,True,3.61,2.79
1336,GET,True,4.3,3.44
1336,GET,False,2.66,2.28
1336,GET,False,4.99,2.46
1336,GET,True,4.9,2.84
1336,GET,True,10.22,8.31
1336,GET,True,6.05,3.01
1336,GET,False,3.8,3.21
1348,PUT,False,3.78,8.22
1356,GET,True,4.45,3.58
1356,GET,False,9.09,2.51
1356,GET,False,4.42,2.62
1356,GET,True,5.08,3.25
1356,GET,False,3.98,3.36
1356,GET,False,4.84,1.87
1356,GET,False,3.97,3.54
1356,GET,False,8.02,2.08
1356,GET,False,4.26,2.82
1360,GET,True,5.36,3.65
1364,GET,False,3.13,2.54
1364,GET,False,2.01,3.26
1364,GET,False,2.6,2.62
1364,GET,False,4.01,2.57
1364,GET,True,12.63,5.84
1364,GET,True,6.49,5.15
1364,GET,True,5.05,2.83
1368,GET,True,3.49,3.13
1368,GET,True,12.42,3.5
1368,GET,False,4.64,2.15
1368,GET,False,4.85,2.7
1368,GET,True,3.54,2.51
1368,GET,False,4.39,2.6
1368,GET,True,7.54,2.94
1368,GET,True,4.5,3.8
1368,GET,False,2.7,1.8
1368,PUT,False,5.42,2.71
1368,GET,False,2.36,2.17
1368,GET,False,3.93,2.52
1368,GET,True,14.37,5.64
1372,GET,True,4.23,3.05
1372,GET,False,4.05,2.44
1372,GET,True,9.88,3.9
1372,GET,False,4.08,2.56
1372,GET,False,5.3,4.69
1372,GET,False,3.7,2.28
1372,GET,True,13.97,5.69
1372,GET,True,7.97,3.3
1372,GET,False,3.56,2.54
1372,GET,True,13.84,4.54
1372,GET,False,4.74,3.57
1372,GET,True,11.02,3.86
1372,GET,False,3.26,2.9
1372,GET,False,4.39,2.66
1372,GET,False,3.01,1.8
1372,GET,False,4.52,2.98
1372,GET,False,2.38,1.89
1372,GET,True,5.51,3.39
1372,GET,True,11.08,3.35
1372,GET,True,4.7,3.5
1372,GET,True,4.72,3.39
1372,GET,True,12.71,4.2
1372,GET,True,4.9,4.17
1372,GET,False,3.91,1.93
1372,GET,True,11.76,4.52
1372,GET,True,6.31,3.11
1372,GET,True,4.6,2.47
1372,GET,False,4.34,4.37
1372,GET,True,5.65,2.93
1372,GET,False,3.33,2.06
1372,GET,False,3.58,2.04
1372,GET,True,5.47,2.85
1372,GET,False,8.3,2.95
1372,GET,True,3.48,3.36
1376,GET,True,4.55,2.44
1376,GET,True,9.83,3.99
1376,GET,True,5.32,3.67
1376,GET,False,5.19,1.72
1376,GET,True,4.95,3.39
1376,GET,False,4.56,3.5
1388,GET,True,11.74,6.08
1388,GET,False,3.81,1.78
1388,GET,False,5.74,3.03
1388,GET,False,2.35,2.09
1388,GET,False,3.37,2.21
1388,GET,False,3.72,2.02
1388,GET,False,3.44,1.92
1388,GET,True,3.95,2.74
1396,GET,True,13.21,4.07
1408,GET,False,4.35,2.48
1408,GET,True,6.21,2.92
1412,GET,True,12.17,5.86
1420,GET,True,3.89,2.92
1420,GET,False,2.72,1.69
1420,GET,False,3.33,2.4
1420,GET,True,6.0,2.5
1420,GET,False,5.33,1.97
1420,GET,True,9.08,2.91
1420,GET,True,4.47,2.83
1420,PUT,False,3.68,2.78
1420,PUT,False,3.21,3.3
1424,GET,False,3.75,2.24
1424,GET,True,5.45,3.44
1428,GET,True,8.72,3.14
1428,GET,False,5.54,2.57
1428,GET,True,4.73,3.02
1436,GET,False,3.29,1.73
1448,GET,True,4.72,2.81
1448,GET,True,4.78,9.05
1452,GET,False,3.03,2.04
1452,GET,False,3.47,2.12
1452,GET,True,4.83,3.09
1452,GET,True,5.5,2.76
1460,GET,True,5.26,4.02
1460,GET,True,3.88,2.88
1460,GET,True,5.07,3.44
1460,GET,True,9.33,3.56
1460,GET,True,4.58,2.79
1468,GET,True,3.79,3.38
1476,GET,False,5.33,2.12
1480,GET,False,3.68,2.14
1480,GET,False,10.68,1.93
1480,GET,True,8.66,2.67
1492,GET,True,5.24,3.48
1496,GET,True,4.32,3.02
1500,GET,False,4.96,2.12
1500,GET,True,4.26,2.71
1500,GET,True,6.52,2.88
1500,GET,True,4.13,2.72
1500,GET,False,4.37,2.74
1500,GET,True,4.94,3.34
1500,GET,False,6.7,2.69
1500,PUT,False,3.08,2.09
1500,GET,False,2.67,2.57
1500,GET,False,4.02,2.24
1504,GET,False,2.94,2.23
1504,GET,False,3.02,2.43
1508,GET,False,4.96,1.83
1508,PUT,False,7.19,2.32
1508,GET,False,2.5,1.76
1508,GET,True,13.29,6.59
1508,GET,False,7.72,3.26
1520,GET,False,4.69,2.25
1520,GET,False,3.0,2.0
1520,GET,False,2.58,2.45
1524,GET,False,6.89,2.44
1528,GET,True,4.79,3.26
1532,GET,False,6.97,4.12
1536,GET,True,3.9,3.28
1560,GET,True,4.76,3.1
1564,GET,True,5.04,2.95
1572,GET,False,3.96,2.4
1584,GET,False,3.33,2.14
1584,GET,True,12.53,10.57
1584,GET,False,3.91,2.35
1584,GET,False,4.2,2.5
1584,GET,False,5.81,2.22
1584,GET,False,3.34,2.73
1584,GET,True,5.21,3.47
1620,GET,True,14.34,2.88
1624,GET,True,4.15,3.65
1624,GET,False,3.43,2.44
1624,GET,True,3.69,3.68
1628,GET,True,4.2,3.15
1664,GET,False,3.3,2.32
1676,GET,False,2.74,2.68
1692,GET,True,9.46,3.95
1696,GET,False,7.27,2.27
1712,GET,False,3.95,2.43
1712,GET,True,4.76,3.05
1720,GET,True,15.77,3.91
1724,PUT,False,7.36,4.94
1728,GET,True,5.01,3.36
1728,GET,True,6.0,2.95
1732,GET,True,9.88,3.25
1732,GET,False,3.89,2.07
1740,GET,True,4.78,2.72
1744,PUT,False,3.02,2.22
1744,GET,True,8.46,3.56
1752,GET,True,4.08,2.69
1756,GET,False,4.04,2.22
1760,GET,False,4.16,1.93
1760,GET,True,10.13,3.72
1772,GET,False,6.08,2.42
1772,GET,True,10.51,2.71
1772,GET,False,2.94,1.72
1772,GET,True,3.65,2.65
1772,GET,False,4.74,3.91
1772,GET,True,3.49,2.45
1772,GET,False,3.64,2.09
1772,GET,False,2.72,2.39
1776,GET,True,10.92,5.5
1780,GET,False,3.12,1.68
1780,GET,True,4.49,2.65
1780,PUT,False,6.26,2.03
1784,GET,False,4.4,7.6
1784,GET,False,1.5,1.61
1784,GET,False,2.7,2.14
1784,GET,False,3.56,2.36
1784,GET,False,9.12,1.68
1784,GET,False,2.52,1.9
1784,GET,True,3.9,2.92
1784,GET,False,2.92,2.04
1788,GET,False,6.06,3.61
1788,GET,False,3.92,2.4
1788,GET,False,2.71,2.11
1800,GET,True,3.78,2.53
1800,GET,False,2.49,1.56
1800,GET,True,4.24,2.3
1804,PUT,False,7.0,3.45
1804,GET,True,4.42,3.07
1804,GET,True,4.02,2.59
1804,GET,True,7.19,3.21
1804,GET,True,5.59,2.62
1804,GET,False,5.14,2.75
1820,GET,False,6.7,1.95
1824,GET,False,3.87,2.48
1824,GET,False,3.06,2.76
1828,GET,False,5.0,1.96
1828,GET,False,3.46,1.98
1828,GET,False,4.21,2.8
1832,GET,False,2.35,2.25
1832,GET,True,5.65,4.0
1836,GET,True,4.11,2.16
1856,GET,False,3.65,2.5
1860,GET,True,10.88,8.24
1864,GET,False,6.79,2.7
1868,GET,True,4.64,2.67
1872,GET,True,3.92,4.01
1896,GET,False,3.17,1.71
1896,GET,False,3.39,2.1
1896,GET,False,5.01,2.47
1896,GET,False,4.85,2.43
1896,GET,False,4.05,1.85
1900,GET,True,10.93,4.68
1900,GET,True,4.61,2.58
1920,GET,False,1.93,1.75
1932,GET,False,3.74,3.3
1956,GET,False,2.88,1.69
1980,GET,False,3.4,2.23
1980,GET,False,4.09,4.67
1980,GET,False,3.98,2.7
1980,GET,False,4.51,2.65
1980,GET,False,3.13,1.86
1980,GET,False,3.45,2.47
1980,GET,True,5.23,3.07
1984,GET,False,3.18,2.03
1984,GET,False,3.38,1.86
1984,GET,False,4.25,4.52
1984,GET,False,3.21,2.7
1988,GET,False,3.82,2.46
1988,GET,False,2.26,2.02
1988,GET,True,4.77,3.07
1988,GET,False,2.09,2.05
1988,GET,False,3.21,1.76
1988,GET,False,4.93,2.67
1988,GET,True,4.16,3.46
1988,GET,False,3.42,2.4
1988,GET,False,3.24,2.07
1988,GET,True,4.83,2.67
1988,GET,False,7.08,2.45
1988,GET,False,1.98,1.61
1996,GET,True,7.07,2.99
1996,GET,False,3.35,1.9
2000,GET,False,3.74,2.13
2000,PUT,False,4.07,3.09
2000,GET,True,4.31,2.48
2000,PUT,False,4.46,2.58
2000,GET,False,3.42,2.39
2000,PUT,False,5.45,3.07
2000,PUT,False,5.87,3.09
2000,PUT,False,6.13,3.3
2000,GET,False,3.35,3.24
2004,GET,False,3.43,1.92
2004,GET,True,3.89,9.48
2008,GET,True,10.11,2.41
2008,GET,True,4.21,2.44
2012,GET,True,17.55,5.61
2012,GET,False,3.56,2.42
2012,GET,False,6.62,2.1
2012,GET,True,5.2,3.06
2024,GET,True,3.99,2.2
2036,GET,True,3.4,2.66
2040,GET,True,4.11,2.31
2040,GET,False,6.04,2.02
2044,GET,False,2.61,2.07
2044,GET,False,2.77,1.89
2044,GET,False,3.74,2.16
2044,PUT,False,3.54,1.97
2048,GET,False,5.17,2.49
2056,GET,False,2.55,1.92
2056,GET,False,3.07,1.95
2056,GET,False,5.15,3.38
2056,GET,False,5.36,3.71
2056,GET,True,14.5,7.05
2056,PUT,False,6.44,2.8
2056,GET,False,2.99,2.41
2056,GET,True,5.34,4.31
2056,GET,False,3.13,1.75
2056,GET,True,11.25,4.4
2056,PUT,False,3.73,2.81
2056,GET,True,3.0,2.23
2056,GET,False,2.76,2.6
2056,GET,False,3.45,2.43
2056,PUT,False,3.09,2.38
2056,GET,False,4.77,2.65
2056,GET,False,3.12,2.34
2056,GET,True,10.65,3.45
2056,GET,False,2.8,1.91
2056,GET,True,11.37,2.58
2056,PUT,False,4.09,2.83
2056,GET,True,3.72,2.32
2056,GET,True,4.72,2.47
2056,PUT,False,7.48,3.33
2056,GET,False,7.2,2.67
2056,GET,True,4.23,2.9
2056,GET,True,12.33,3.15
2056,PUT,False,5.03,3.18
2056,GET,True,6.03,3.15
2056,GET,False,2.13,1.84
2056,GET,False,3.32,2.0
2056,GET,False,5.21,2.28
2056,GET,False,5.44,2.7
2056,GET,True,4.87,2.89
2056,GET,False,3.81,1.77
2056,GET,False,3.06,2.63
2056,GET,False,4.37,2.11
2056,GET,True,12.64,4.9
2056,GET,True,9.29,3.27
2056,GET,True,5.47,2.73
2056,GET,False,4.14,2.39
2056,GET,True,3.34,2.48
2056,GET,False,5.0,2.02
2056,GET,False,4.22,2.61
2056,GET,True,3.74,2.23
2056,GET,False,4.85,2.6
2056,GET,False,5.74,2.76
2056,GET,False,3.53,2.42
2056,GET,False,3.15,1.78
2056,GET,False,2.92,1.76
2056,GET,True,9.8,2.82
2056,GET,False,3.22,2.08
2056,GET,True,5.23,2.44
2056,GET,True,2.86,3.09
2056,GET,False,1.92,1.87
2056,GET,True,3.64,2.97
2056,GET,False,3.37,2.31
2056,GET,False,2.69,1.72
2056,PUT,False,4.72,3.08
2056,GET,False,2.83,1.71
2056,GET,False,3.25,1.76
2056,GET,True,7.16,3.16
2056,GET,False,2.85,2.25
2056,GET,False,3.6,2.56
2056,GET,True,10.65,3.07
2056,GET,True,5.15,3.64
2056,GET,False,2.91,2.09
2056,GET,True,4.06,2.87
2056,GET,True,10.73,2.84
2056,GET,False,2.65,1.67
2056,GET,False,2.89,1.82
2056,GET,False,3.89,2.55
2056,GET,True,4.49,2.46
2056,GET,True,3.84,2.6
2056,GET,True,4.04,2.56
2056,GET,False,2.64,2.16
2056,PUT,False,0.07,0.05
2056,GET,False,3.02,2.32
2056,GET,True,5.62,3.74
2056,GET,False,2.94,2.34
2056,GET,True,4.65,3.03
2056,GET,True,13.0,3.46
2056,GET,True,4.06,2.81
2056,GET,True,4.33,2.78
2056,GET,False,4.06,2.38
2056,GET,False,2.94,1.48
2056,GET,True,4.99,3.39
2056,GET,False,5.21,2.66
2056,GET,False,4.0,1.79
2056,GET,False,2.81,1.93
2056,GET,True,4.38,3.11
2056,GET,True,4.21,2.88
2056,GET,True,6.7,3.19
2056,GET,True,12.44,3.6
2056,GET,True,4.75,2.91
2056,GET,True,12.18,4.49
2060,GET,False,3.39,2.13
2060,GET,False,5.51,1.62
2060,GET,False,6.43,1.84
2060,GET,True,8.61,2.41
2060,GET,True,11.46,3.02
2060,GET,False,2.23,1.43
2064,GET,False,2.86,2.3
2072,GET,True,14.38,2.67
2072,GET,True,11.26,2.89
2100,PUT,False,6.6,5.03
2112,GET,True,5.61,3.04
2112,GET,False,6.11,2.39
2112,GET,False,5.57,1.91
2140,PUT,False,8.6,2.88
2144,GET,False,3.0,1.6
2144,GET,False,5.74,2.34
2144,GET,True,3.93,2.58
2144,GET,True,5.29,2.95
2144,GET,False,3.81,2.31
2144,GET,False,5.06,1.63
2176,GET,False,3.03,2.12
2176,GET,False,3.04,1.9
2176,GET,True,12.83,4.91
2188,GET,True,2.14,0.56
2188,GET,False,2.97,2.37
2188,GET,False,7.1,2.17
2192,GET,True,13.64,5.22
2192,GET,True,4.7,3.21
2192,GET,False,4.68,3.73
2192,GET,True,5.56,2.93
2196,GET,False,3.63,1.99
2196,GET,False,3.73,2.32
2196,GET,True,7.39,3.21
2196,GET,True,4.79,3.55
2196,GET,False,3.64,2.14
2196,GET,False,3.01,1.71
2200,GET,True,10.78,2.68
2200,GET,True,3.88,3.27
2200,GET,True,3.59,2.6
2200,GET,False,3.22,2.74
2200,GET,False,4.59,2.94
2200,GET,True,3.42,2.97
2200,GET,True,5.43,3.62
2200,GET,True,3.51,2.62
2208,GET,True,9.46,2.68
2208,GET,True,4.57,2.48
2208,GET,True,9.81,4.08
2208,GET,False,5.03,2.52
2208,GET,False,2.71,1.61
2208,GET,True,8.43,5.83
2208,GET,False,4.21,2.09
2208,GET,True,6.13,4.31
2208,GET,True,11.24,3.62
2208,GET,True,12.49,3.43
2208,GET,False,2.82,2.08
2212,GET,True,4.06,2.01
2212,GET,False,2.54,2.29
2212,GET,True,6.49,2.99
2212,GET,True,15.81,6.04
2216,GET,False,2.52,1.23
2224,GET,True,12.37,4.8
2224,GET,True,13.18,8.91
2224,PUT,False,3.2,2.48
2252,GET,True,5.0,3.13
2252,GET,False,1.6,1.86
2252,GET,False,2.8,1.72
2252,GET,True,5.62,3.99
2252,GET,False,3.39,2.41
2252,GET,True,14.23,4.92
2256,GET,True,3.9,3.22
2256,GET,True,3.83,2.5
2256,GET,True,6.06,2.36
2256,GET,True,11.19,3.23
2256,GET,True,4.6,3.7
2256,GET,False,2.75,1.62
2260,GET,True,11.01,2.86
2260,GET,False,3.85,2.26
2260,GET,False,3.32,2.29
2260,GET,True,3.55,2.9
2300,GET,False,3.22,2.64
2304,GET,True,9.17,2.74
2340,GET,True,4.22,3.12
2340,GET,False,2.77,1.96
2340,GET,True,10.32,2.99
2340,GET,True,13.64,5.08
2340,GET,True,4.96,3.72
2340,GET,False,4.51,2.07
2340,GET,False,3.03,2.11
2344,GET,False,5.32,1.87
2344,GET,False,4.42,1.8
2344,GET,True,4.73,2.8
2344,GET,True,3.94,3.15
2344,GET,True,3.23,2.5
2360,GET,True,3.69,2.37
2360,GET,True,10.84,3.02
2360,PUT,False,3.84,2.57
2364,GET,True,4.95,11.55
2384,GET,False,3.45,2.49
2404,GET,False,2.93,2.17
2404,GET,False,5.8,2.78
2404,GET,True,4.62,2.69
2416,GET,False,4.36,2.81
2420,GET,False,4.75,1.84
2424,PUT,False,4.12,2.55
2428,GET,False,4.25,1.85
2428,GET,True,11.87,4.67
2472,GET,True,3.5,2.75
2532,GET,True,3.43,2.59
2552,GET,True,5.85,2.24
2552,GET,True,5.96,3.2
2556,GET,False,2.69,1.91
2560,GET,False,3.52,1.6
2584,GET,False,2.46,1.62
2584,GET,True,3.86,3.05
2596,GET,False,2.6,2.12
2600,GET,True,10.49,2.51
2604,GET,False,5.06,1.76
2604,GET,True,5.87,2.37
2604,GET,False,4.52,2.39
2604,GET,False,2.73,2.38
2604,GET,False,3.0,2.2
2604,GET,False,2.33,1.95
2604,GET,True,4.33,2.78
2608,GET,False,5.17,2.23
2608,GET,False,3.92,2.04
2608,GET,False,4.02,1.71
2608,GET,False,2.29,1.89
2608,GET,False,3.5,2.01
2608,GET,False,3.04,1.86
2608,GET,False,7.7,3.48
2608,GET,False,3.22,1.98
2608,GET,False,3.09,2.28
2608,GET,False,2.96,1.72
2608,GET,True,7.28,3.19
2608,GET,False,4.33,2.63
2608,GET,False,4.36,1.86
2608,GET,False,3.88,2.09
2608,GET,True,13.1,3.19
2608,GET,False,2.7,2.19
2608,GET,False,3.29,2.5
2608,GET,True,4.26,3.07
2608,GET,True,4.38,2.66
2608,GET,True,9.27,5.27
2608,GET,True,5.38,2.92
2608,GET,True,9.05,3.07
2608,GET,False,4.02,2.75
2608,GET,False,4.46,3.34
2608,GET,False,3.36,2.0
2608,GET,False,3.59,2.35
2608,GET,False,3.12,2.79
2608,GET,True,3.58,2.72
2608,GET,False,2.28,1.99
2608,GET,False,3.36,3.42
2612,GET,False,4.76,2.02
2616,GET,True,3.16,2.6
2616,GET,True,4.21,2.57
2620,GET,True,3.24,2.24
2620,GET,True,7.52,2.65
2620,GET,True,11.57,5.59
2624,GET,False,4.61,1.96
2628,GET,True,9.39,3.7
2628,GET,True,10.62,3.21
2628,GET,True,17.5,5.46
2628,GET,True,6.28,3.3
2628,GET,True,5.38,2.76
2628,GET,True,4.65,3.52
2628,GET,True,6.18,3.37
2628,GET,True,4.45,2.93
2628,GET,False,3.53,2.7
2628,GET,False,3.11,2.6
2628,GET,False,6.72,1.94
2628,GET,True,10.91,5.01
2628,GET,True,14.38,3.87
2628,GET,False,3.87,2.92
2628,GET,True,13.44,5.64
2628,GET,True,10.7,12.0
2628,GET,False,3.12,2.03
2628,GET,True,14.23,3.11
2628,GET,True,4.77,4.04
2628,GET,False,3.43,2.22
2628,GET,False,2.97,2.39
2628,GET,False,4.2,1.98
2628,GET,True,6.49,2.51
2628,GET,True,12.77,2.9
2628,GET,False,4.31,2.68
2628,GET,True,6.55,3.72
2628,GET,True,4.26,2.65
2628,GET,False,3.0,1.84
2628,GET,False,4.92,2.37
2628,GET,True,5.96,3.05
2628,GET,True,3.89,3.06
2628,GET,False,2.74,2.62
2628,GET,False,4.99,3.3
2628,GET,True,3.28,2.34
2628,GET,False,3.25,1.89
2628,GET,True,9.48,2.34
2628,GET,True,8.9,2.93
2628,GET,True,4.28,3.02
2628,GET,True,10.32,2.7
2628,GET,True,12.51,5.14
2628,GET,False,3.7,2.06
2628,GET,True,4.63,3.27
2628,GET,False,5.89,1.63
2628,GET,True,4.28,2.99
2628,GET,False,7.03,2.91
2628,GET,False,6.01,3.11
2628,GET,False,3.02,2.26
2628,GET,False,2.44,2.06
2628,GET,False,5.04,4.37
2628,GET,True,3.02,2.99
2628,GET,False,2.38,2.26
2628,GET,False,1.86,1.59
2628,GET,False,5.8,1.74
2628,GET,True,3.75,3.06
2628,GET,True,5.73,2.5
2628,GET,True,10.6,3.57
2628,GET,False,7.19,2.18
2628,GET,True,6.96,2.75
2628,GET,False,6.66,1.81
2628,GET,True,4.05,2.95
2628,GET,False,3.54,2.17
2628,GET,False,3.54,2.78
2628,GET,True,6.78,3.35
2628,GET,False,3.89,2.13
2628,GET,False,5.68,2.28
2628,GET,False,2.66,1.68
2628,GET,True,3.34,3.32
2628,GET,True,8.65,2.9
2628,GET,True,4.62,2.59
2628,GET,True,10.26,3.98
2628,GET,True,4.53,2.81
2628,GET,False,3.53,2.69
2628,GET,False,3.07,2.4
2628,GET,False,3.42,2.25
2628,GET,False,2.68,2.19
2628,GET,False,3.69,1.56
2628,GET,False,7.91,3.03
2628,GET,True,8.65,2.33
2628,GET,False,2.79,1.67
2628,GET,False,5.96,2.3
2628,GET,False,2.58,1.94
2628,GET,True,3.43,2.55
2628,GET,False,3.45,2.34
2628,GET,False,4.68,1.91
2628,GET,False,4.68,3.78
2628,GET,False,3.64,4.4
2628,GET,True,15.03,4.43
2628,GET,True,13.64,5.14
2628,GET,False,2.49,1.91
2628,GET,True,7.72,2.77
2628,GET,False,4.28,2.47
2628,GET,False,5.09,2.65
2628,GET,True,10.25,5.12
2628,GET,False,3.06,2.28
2628,GET,True,5.04,3.4
2628,GET,False,3.17,1.94
2628,GET,False,2.06,1.67
2628,GET,True,6.42,2.92
2628,GET,False,3.32,2.34
2628,GET,True,3.64,2.74
2628,GET,False,7.24,3.64
2628,GET,True,6.13,2.44
2628,GET,True,4.74,3.3
2628,GET,True,6.41,3.7
2628,GET,False,3.62,2.05
2628,GET,False,6.56,5.27
2628,GET,True,12.51,7.23
2628,GET,False,2.75,1.53
2628,GET,True,3.19,5.29
2628,GET,False,5.57,1.94
2628,GET,False,3.02,2.21
2628,GET,False,8.33,2.35
2628,GET,True,4.51,3.03
2628,GET,False,4.87,2.5
2628,GET,False,3.2,2.15
2628,GET,True,3.91,2.25
2628,GET,True,8.82,3.94
2628,GET,False,5.55,2.58
2628,GET,False,2.99,1.92
2628,GET,True,4.96,3.27
2628,GET,False,3.38,1.75
2628,GET,False,3.7,2.57
2628,GET,False,2.98,2.09
2628,GET,True,4.52,2.67
2628,GET,False,3.14,1.9
2628,GET,True,6.79,3.02
2628,GET,True,5.21,2.97
2628,GET,True,4.38,2.73
2628,GET,False,3.54,2.02
2628,GET,False,3.42,3.06
2628,GET,True,4.38,2.93
2628,GET,True,5.52,2.89
2628,GET,True,11.31,3.26
2628,GET,True,4.49,3.48
2628,GET,True,4.89,3.06
2628,GET,True,3.96,3.25
2628,GET,True,16.04,10.0
2628,GET,True,10.76,2.9
2632,GET,False,9.44,2.24
2632,GET,True,5.24,2.88
2632,GET,False,3.29,2.27
2632,GET,False,3.9,2.31
2632,GET,True,3.39,6.69
2632,GET,True,4.27,3.3
2632,GET,True,6.56,2.89
2640,GET,False,2.84,2.37
2640,GET,False,2.86,2.31
2648,GET,False,5.94,8.43
2676,GET,False,3.63,3.3
2696,GET,True,3.01,2.72
2732,GET,True,9.81,3.53
2732,GET,True,11.31,4.82
2736,GET,True,4.82,2.65
2740,GET,True,12.04,4.88
2744,PUT,False,3.91,2.14
2744,GET,True,3.16,2.13
2748,GET,True,4.22,2.58
2752,GET,True,4.64,2.77
2752,GET,True,4.22,2.38
2776,GET,True,9.44,3.23
2780,PUT,False,0.09,0.06
2800,GET,False,2.22,2.21
2812,GET,False,5.31,2.02
2812,GET,True,10.22,2.32
2812,GET,True,2.98,2.46
2820,GET,False,5.66,1.48
2824,GET,False,3.42,2.23
2824,GET,True,8.75,2.58
2824,GET,True,15.45,2.44
2828,GET,True,4.99,3.2
2832,GET,False,4.46,2.17
2832,GET,True,4.46,2.9
2832,GET,False,3.84,2.25
2832,GET,False,4.79,2.81
2832,GET,False,4.44,2.21
2832,GET,False,2.53,2.15
2832,GET,False,4.24,1.75
2832,GET,True,8.59,4.65
2832,GET,False,3.34,5.38
2832,GET,False,6.4,1.9
2832,GET,False,3.16,2.19
2876,GET,False,4.3,2.19
2912,GET,False,1.67,1.83
2964,GET,True,9.45,2.93
2996,GET,False,2.39,2.18
2996,GET,True,3.57,2.69
2996,GET,False,3.94,2.13
2996,GET,False,3.4,1.64
2996,GET,False,3.45,3.81
2996,GET,False,2.87,1.95
3004,GET,True,4.19,2.69
3012,GET,False,2.73,1.79
3020,GET,False,2.92,2.23
3024,GET,False,3.12,1.74
3044,GET,True,3.41,2.99
3044,GET,False,2.48,1.95
3044,GET,True,4.49,2.91
3044,GET,False,3.01,2.87
3044,GET,True,4.19,2.78
3044,GET,True,3.48,3.15
3044,GET,True,5.51,3.04
3044,GET,True,3.27,2.08
3044,GET,True,12.19,2.56
3044,GET,True,5.46,2.78
3044,GET,False,6.9,1.71
3044,GET,True,10.05,2.78
3044,GET,False,3.49,3.52
3044,GET,False,2.6,1.75
3044,GET,True,13.69,4.08
3044,GET,False,5.49,3.86
3044,GET,True,3.99,2.72
3044,GET,True,4.63,2.78
3044,GET,True,3.74,2.42
3112,GET,False,2.8,1.62
3120,GET,False,4.11,1.81
3144,GET,False,2.67,2.34
3156,GET,True,11.53,4.92
3156,GET,True,5.57,3.81
3188,GET,True,4.66,3.43
3220,GET,False,4.71,5.87
3220,GET,False,3.21,2.03
3220,GET,False,3.84,2.04
3220,GET,False,4.5,1.93
3220,GET,False,3.25,2.0
3220,GET,False,2.35,1.65
3220,GET,True,3.13,2.34
3244,GET,False,2.39,1.94
3248,GET,False,2.67,1.65
3248,GET,False,4.65,2.21
3252,GET,True,7.92,3.06
3252,GET,False,5.57,3.34
3252,GET,True,6.45,3.52
3256,GET,True,3.44,2.56
3268,GET,False,4.11,3.8
3312,GET,True,10.94,2.77
3324,GET,False,3.33,1.93
3336,GET,True,6.88,2.7
3368,GET,False,3.46,2.57
3376,GET,False,2.9,1.59
3376,GET,False,3.18,2.17
3376,GET,False,2.97,1.72
3376,GET,False,4.24,2.15
3396,GET,False,1.92,1.68
3396,PUT,False,10.18,2.86
3396,GET,False,6.33,2.6
3412,GET,True,8.6,5.73
3424,GET,True,15.0,2.63
3432,GET,False,2.05,1.7
3436,GET,False,2.49,2.1
3436,GET,True,5.11,2.23
3448,GET,False,5.92,1.98
3480,GET,True,5.46,3.05
3716,GET,True,3.78,2.3
3864,GET,False,2.23,1.52
3864,GET,False,4.36,2.71
3864,GET,True,7.24,2.33
3868,GET,False,1.84,2.05
3884,GET,False,4.24,2.4
3888,GET,False,3.51,2.03
3896,GET,True,3.99,2.56
3896,GET,False,3.71,1.63
3896,GET,True,3.0,1.97
3900,GET,True,3.46,2.73
3940,GET,False,2.94,1.73
3940,GET,True,3.66,3.34
3944,GET,True,4.76,4.38
3948,PUT,False,5.07,2.49
4052,GET,True,4.06,3.12
4064,GET,True,2.96,2.37
4072,GET,False,4.08,1.64
4080,GET,False,4.28,3.17
4080,GET,True,4.18,2.77
4080,GET,False,3.59,1.87
4080,GET,True,11.68,7.46
4080,GET,True,3.4,2.48
4104,GET,False,7.29,3.47
4128,GET,False,1.5,1.48
4164,GET,False,2.83,1.76
4164,GET,True,4.65,2.62
4172,GET,True,4.09,2.77
4252,GET,True,4.89,3.97
4260,GET,False,5.78,1.81
4272,GET,False,2.53,1.87
4276,GET,False,3.22,2.24
4296,GET,False,1.94,1.58
4340,GET,True,3.73,2.43
4352,GET,False,5.32,1.95
4380,GET,True,6.72,2.48
4384,PUT,False,5.09,3.35
4404,GET,False,2.3,1.57
4476,GET,False,5.42,1.87
4496,GET,True,3.58,2.66
4500,PUT,False,4.72,2.22
4500,GET,False,2.34,1.91
4500,GET,False,3.84,1.5
4524,GET,True,2.94,2.33
4524,GET,True,2.82,1.98
4524,GET,False,4.28,2.13
4524,GET,False,2.98,2.09
4524,GET,False,3.71,1.8
4524,GET,True,8.55,4.64
4524,GET,False,5.39,2.1
4524,GET,False,3.63,1.93
4572,GET,False,6.59,2.61
4576,GET,True,3.46,2.34
4576,GET,False,2.71,1.69
4576,GET,False,3.97,2.4
4580,GET,False,2.88,2.1
4580,GET,True,6.07,2.35
4588,GET,False,3.97,9.09
4592,GET,True,4.07,2.26
4592,GET,False,6.34,2.1
4592,GET,False,3.86,1.89
4592,GET,False,3.89,2.09
4592,GET,False,3.26,2.21
4592,GET,True,8.3,2.69
4592,GET,True,4.19,2.48
4600,GET,False,2.94,1.99
4648,GET,True,3.45,2.71
4652,GET,False,3.41,2.11
4660,GET,True,8.7,3.18
4668,GET,True,3.07,2.47
4668,GET,False,3.66,1.89
4680,GET,True,3.44,2.75
4680,GET,True,3.68,2.0
4680,GET,False,3.01,2.08
4680,PUT,False,3.54,1.73
4680,GET,False,3.64,1.59
4684,GET,True,7.62,2.72
4684,GET,True,8.92,3.01
4684,GET,True,4.4,3.82
4684,PUT,False,6.27,2.27
4684,GET,False,2.42,1.83
4684,GET,True,4.25,2.88
4684,GET,True,3.88,2.23
4684,GET,True,3.02,2.17
4684,GET,False,3.11,1.96
4684,GET,True,3.37,2.4
4684,GET,True,4.53,2.92
4684,PUT,False,5.07,3.57
4684,GET,False,2.69,1.64
4688,PUT,False,3.12,2.1
4688,GET,False,2.28,1.71
4688,GET,False,3.74,1.89
4688,PUT,False,5.26,3.62
4688,GET,False,2.35,1.63
4688,GET,True,7.8,3.3
4688,GET,True,5.16,3.02
4688,GET,True,3.7,2.27
4704,GET,True,4.03,2.97
4708,GET,True,5.22,2.86
4708,GET,False,4.79,2.97
4708,GET,False,3.13,1.79
4708,GET,False,10.07,1.64
4724,GET,True,3.56,2.58
4752,GET,False,3.32,1.4
4752,GET,True,3.43,2.54
4756,GET,True,6.68,2.42
4756,GET,True,3.73,2.02
4756,GET,True,6.93,2.94
4812,GET,True,7.04,4.82
4812,GET,True,3.8,2.75
4864,GET,True,3.93,2.54
4868,GET,True,4.21,2.08
4868,GET,False,3.2,2.28
4868,GET,False,3.96,1.87
4872,GET,True,5.19,2.55
4940,GET,True,7.07,6.18
4964,GET,True,3.22,2.18
5008,GET,False,4.79,1.83
5136,GET,True,9.95,3.23
5136,GET,False,2.06,1.78
5136,GET,True,3.27,2.11
5136,GET,True,9.93,4.57
5184,GET,True,8.62,9.92
5212,GET,True,4.24,2.31
5232,GET,False,4.49,2.03
5232,GET,False,2.5,1.52
5232,GET,False,4.27,1.56
5232,GET,False,5.2,2.1
5232,GET,True,6.59,3.15
5232,PUT,False,2.48,3.15
5232,GET,False,5.1,1.65
5232,GET,False,2.77,1.73
5236,GET,True,3.37,1.99
5236,GET,False,2.44,2.03
5236,GET,True,4.2,3.6
5236,GET,False,2.1,1.53
5236,GET,False,2.84,3.94
5236,GET,True,3.51,2.65
5236,GET,True,3.68,2.46
5348,PUT,False,2.95,2.25
5420,GET,False,2.39,1.51
5420,GET,True,12.22,3.41
5420,GET,True,10.27,5.23
5420,GET,False,3.73,1.8
5420,GET,False,3.42,1.87
5420,GET,True,4.11,2.39
5488,GET,False,3.24,2.62
5536,GET,False,2.6,2.24
5560,GET,False,3.22,1.7
5600,GET,False,5.11,1.66
5604,GET,False,2.73,1.85
5608,GET,False,2.63,1.66
5648,GET,True,8.97,2.48
5648,GET,False,2.5,1.73
5688,GET,False,2.48,1.89
5700,GET,False,2.37,1.7
5700,GET,False,3.11,2.11
5708,GET,True,5.09,2.45
5716,GET,True,3.06,2.31
5764,GET,False,4.74,1.45
5764,GET,True,3.4,2.56
5772,GET,True,9.29,2.52
5772,GET,False,2.24,1.96
5804,GET,False,3.44,2.13
5920,GET,True,13.73,2.85
5932,GET,False,3.45,1.56
5936,GET,False,2.18,1.61
5948,GET,False,3.21,1.78
5956,GET,False,3.58,2.68
5960,GET,True,3.14,2.46
5992,GET,False,5.21,1.63
5992,PUT,False,3.9,1.88
6140,GET,True,7.24,2.77
6316,GET,False,2.19,1.69
6364,GET,False,2.03,1.69
6432,GET,False,2.87,1.88
6460,GET,True,6.58,2.7
6460,GET,True,4.16,2.99
6460,GET,False,3.03,1.78
6464,GET,True,3.67,2.62
6480,GET,False,2.74,2.06
6500,GET,True,8.24,3.74
6536,GET,False,2.35,2.22
6536,PUT,False,5.38,2.01
6536,GET,False,2.1,1.59
6568,GET,False,5.03,2.1
6580,GET,False,6.15,2.2
6584,GET,True,3.64,2.44
6596,GET,True,2.92,2.13
6604,GET,False,2.77,2.12
6604,GET,False,4.4,1.63
6604,GET,False,3.71,1.9
6604,GET,True,10.03,2.8
6608,GET,False,2.63,1.41
6616,GET,True,3.57,2.26
6664,GET,False,2.52,1.27
6708,GET,True,7.79,2.46
6708,GET,False,3.38,2.02
6708,GET,False,2.11,1.15
6708,GET,False,7.38,1.51
6708,GET,False,2.08,2.08
6712,GET,True,9.58,3.15
6712,GET,True,8.38,2.67
6712,GET,True,3.1,2.27
6712,GET,True,4.41,1.87
6716,GET,False,2.94,1.43
6716,GET,True,3.91,2.05
6716,GET,True,12.0,3.99
6716,GET,False,2.21,1.78
6716,GET,False,2.52,1.61
6716,GET,False,4.27,2.29
6716,GET,True,2.83,2.31
6716,GET,False,3.21,1.89
6720,GET,True,3.12,2.19
6720,PUT,False,3.47,2.22
6720,GET,False,2.59,1.44
6720,GET,True,9.29,2.97
6720,GET,False,2.26,1.83
6720,GET,True,4.51,3.64
6720,GET,True,9.8,2.17
6720,GET,False,1.91,1.5
6720,GET,True,3.86,2.39
6720,GET,True,10.98,4.87
6720,GET,False,4.8,1.51
6720,GET,False,5.11,1.6
6720,GET,False,5.13,2.06
6720,GET,True,2.62,2.72
6720,GET,False,2.58,1.99
6724,GET,True,7.3,2.45
6724,GET,False,1.59,1.27
6724,GET,False,3.68,2.03
6724,GET,False,1.94,1.82
6724,GET,True,4.04,2.26
6724,GET,False,3.81,1.54
6724,GET,True,7.1,3.07
6724,GET,True,6.5,2.24
6724,GET,True,7.02,6.68
6724,GET,True,3.22,2.53
6728,GET,False,2.2,1.88
6728,GET,False,3.45,1.84
6728,GET,False,2.56,2.29
6728,GET,False,4.72,2.89
6728,GET,True,4.06,2.75
6728,GET,False,2.28,1.91
6728,GET,True,4.03,2.16
6728,GET,True,12.13,4.19
6728,GET,True,3.75,2.7
6728,GET,False,1.77,1.39
6732,GET,True,24.22,2.16
6732,GET,False,3.0,1.78
6732,GET,False,4.44,2.32
6732,GET,False,2.0,1.85
6732,GET,True,3.62,2.33
6732,GET,False,3.94,1.77
6732,GET,True,10.46,3.73
6732,GET,False,2.44,2.02
6732,GET,True,11.74,4.18
6732,GET,True,7.73,2.56
6732,GET,True,3.5,2.56
6732,GET,True,3.62,3.97
6732,GET,False,2.13,1.48
6732,PUT,False,2.28,2.04
6732,GET,False,3.99,2.23
6732,GET,False,3.8,2.0
6732,GET,False,6.3,1.83
6732,GET,True,3.17,2.73
6736,PUT,False,2.93,1.97
6736,GET,True,8.99,2.12
6736,GET,True,4.12,2.36
6736,GET,True,3.64,2.43
6736,GET,True,10.06,2.84
6736,GET,True,6.99,1.98
6736,PUT,False,4.37,4.99
6736,GET,False,1.83,1.63
6736,GET,False,2.8,2.01
6736,GET,False,2.61,1.9
6736,GET,False,4.23,1.57
6736,GET,True,9.78,2.44
6736,PUT,False,3.89,10.84
6740,GET,True,3.08,2.6
6740,GET,True,3.03,2.26
6740,GET,True,3.34,1.99
6740,GET,True,11.52,4.43
6740,GET,False,3.09,2.01
6740,PUT,False,5.38,2.96
6740,GET,True,3.55,2.86
6740,GET,True,11.31,3.42
6740,GET,False,4.03,2.21
6740,PUT,False,3.08,2.39
6744,GET,False,2.22,1.62
6744,GET,False,2.6,1.76
6744,GET,False,2.13,1.37
6744,GET,True,11.55,2.78
6748,GET,False,2.06,2.02
6748,GET,True,4.11,2.46
6748,GET,False,4.77,1.9
6748,PUT,False,6.18,2.22
6756,GET,True,3.34,2.04
6756,GET,False,3.42,1.78
6764,GET,True,12.81,4.86
6780,GET,True,3.17,1.93
6792,GET,True,6.44,3.45
6792,PUT,False,4.21,2.54
6792,GET,True,3.95,2.27
6824,GET,False,2.76,1.4
6864,GET,True,2.88,2.25
6908,GET,True,6.42,2.33
6912,GET,True,2.71,1.76
6912,GET,True,7.89,2.5
6916,GET,True,9.57,2.91
6932,GET,False,2.47,1.9
6932,GET,False,3.33,1.5
6932,GET,True,5.86,2.54
6932,GET,False,2.49,1.59
6932,GET,True,13.97,4.27
6984,GET,True,4.81,2.39
6992,GET,True,10.94,3.15
7008,GET,True,12.41,4.3
7016,GET,True,3.99,2.69
7028,GET,False,1.28,1.46
7036,GET,False,2.46,1.5
7048,GET,True,4.01,2.35
7084,GET,True,4.41,2.46
7120,GET,True,4.92,2.87
7164,PUT,False,5.65,3.33
7168,GET,True,7.91,4.15
7180,GET,True,3.54,2.24
7180,GET,True,2.7,2.2
7180,GET,False,2.79,1.96
7180,GET,False,2.12,1.48
7180,GET,True,12.39,3.47
7180,GET,True,7.02,2.83
7196,GET,True,2.7,2.63
7212,GET,True,10.01,2.61
7212,GET,False,3.96,2.45
7248,GET,False,2.29,1.86
7360,GET,False,2.46,1.8
7364,GET,False,2.64,2.38
7372,GET,False,4.8,1.71
7416,GET,False,2.53,1.73
7416,GET,True,3.13,2.26
7416,GET,True,7.17,2.39
7416,GET,False,2.55,1.95
7416,GET,True,3.55,2.4
7416,GET,True,2.98,2.48
7416,GET,True,3.46,2.61
7416,GET,True,4.42,2.03
7416,PUT,False,3.22,1.93
7416,GET,True,9.11,3.03
7476,GET,False,2.78,1.83
7476,GET,False,2.28,1.76
7476,GET,False,6.74,1.69
7476,GET,True,3.09,2.25
7476,GET,True,3.65,2.7
7476,GET,True,3.35,2.09
7476,GET,True,3.91,2.56
7476,GET,False,7.82,1.8
7488,GET,False,2.91,1.47
7488,GET,False,2.56,1.62
7488,GET,False,6.1,1.53
7488,GET,False,3.18,2.15
7496,PUT,False,3.09,3.1
7496,GET,False,4.83,1.63
7584,GET,True,7.65,4.12
7620,GET,False,2.08,1.97
7672,GET,False,2.86,1.8
7676,GET,True,8.78,4.38
7676,GET,True,4.07,2.62
7676,GET,True,4.62,2.65
7708,GET,True,3.9,2.41
7760,GET,True,3.45,2.09
7856,GET,True,4.58,2.04
7856,GET,False,3.55,1.66
7872,GET,True,3.6,2.66
7900,PUT,False,3.99,2.24
7900,GET,True,3.74,2.26
7984,PUT,False,6.51,3.67
7984,GET,True,3.38,1.88
7984,GET,False,2.76,1.56
8040,GET,True,2.79,1.94
8040,GET,True,7.45,2.1
8040,GET,True,8.04,3.32
8040,PUT,False,4.75,2.87
8120,GET,False,2.18,1.51
8184,GET,True,11.2,4.45
8240,GET,True,4.89,2.49
8248,GET,False,8.43,3.02
8248,PUT,False,2.8,2.12
8248,GET,True,2.92,1.91
8260,GET,False,2.23,1.49
8260,GET,True,7.19,2.84
8264,GET,False,2.19,1.8
8272,GET,True,2.64,1.87
8320,GET,True,3.53,2.37
8320,GET,False,2.74,1.61
8428,GET,True,2.72,1.94
8568,GET,True,10.02,2.92
8684,GET,True,8.28,2.28
8684,GET,True,7.07,3.11
8784,GET,True,2.82,1.84
8784,PUT,False,2.87,1.96
8784,GET,False,2.84,1.66
8792,GET,False,1.93,1.29
8804,GET,False,1.71,1.72
8820,GET,False,2.28,1.37
8836,GET,True,3.23,2.16
8840,GET,False,2.7,1.7
8984,GET,True,8.27,3.72
9128,GET,False,2.98,2.46
9192,GET,False,2.68,1.66
9192,GET,False,2.9,1.76
9240,GET,False,2.88,1.48
9292,GET,False,4.01,1.96
9292,GET,False,2.1,1.41
9532,GET,False,2.6,1.69
9536,GET,True,3.17,2.26
9544,GET,True,2.83,2.09
9544,GET,True,8.83,4.32
9544,GET,True,4.08,1.97
9544,GET,False,5.46,2.02
9544,GET,False,1.76,1.27
9544,GET,True,2.73,2.36
9544,GET,True,3.9,2.9
9576,GET,True,2.53,1.94
9584,GET,False,2.86,1.91
9588,GET,True,3.61,2.55
9772,PUT,False,3.25,2.57
9772,GET,False,5.07,3.25
9776,GET,False,2.36,2.78
9776,GET,True,3.0,2.01
10092,GET,True,7.01,2.45
10196,GET,True,6.42,2.47
10196,GET,False,2.58,1.77
10284,PUT,False,2.42,1.93
10320,PUT,False,3.26,2.3
10348,GET,False,1.6,1.3
10460,GET,False,3.2,2.25
10464,PUT,False,3.41,2.43
10576,GET,True,11.96,2.51
10576,GET,False,2.82,1.5
10576,GET,True,3.34,2.29
10576,GET,True,6.9,6.17
10576,GET,True,7.42,2.65
10576,GET,False,2.65,1.44
10576,GET,False,2.62,2.52
10576,GET,False,2.13,1.42
10576,GET,True,11.51,4.04
10576,GET,True,11.61,10.46
10988,GET,False,2.37,2.05
11112,GET,True,3.77,2.25
11120,GET,False,2.5,1.53
11368,GET,False,2.67,2.54
11688,GET,True,2.94,2.93
11692,GET,False,2.34,2.0
11692,GET,True,2.97,2.07
12156,GET,False,3.06,1.94
12156,GET,True,4.06,2.52
12156,GET,False,6.04,3.65
12156,GET,True,3.54,2.13
12156,GET,True,3.26,2.09
12156,GET,False,5.68,2.96
12156,GET,False,2.77,1.62
12156,GET,True,5.79,2.17
12156,GET,False,2.62,1.38
12156,GET,True,9.84,2.67
12156,GET,False,3.28,1.76
12156,GET,False,2.3,1.83
12156,GET,True,3.79,2.18
12156,GET,False,2.53,1.66
12156,GET,True,9.24,3.23
12156,GET,False,2.8,1.91
12156,GET,False,4.65,1.53
12156,GET,True,4.07,2.33
12156,GET,True,3.36,1.81
12156,GET,False,2.37,1.49
12156,GET,True,18.92,2.03
12156,GET,False,2.26,1.28
12156,GET,True,12.65,2.25
12188,GET,True,9.49,4.74
12200,GET,False,2.11,1.84
12204,GET,True,10.49,2.13
12264,GET,False,2.03,1.5
12284,GET,True,6.11,2.24
12284,GET,False,1.96,1.54
12284,GET,False,2.19,1.49
12284,GET,True,8.35,4.0
12284,GET,True,4.27,2.48
12284,GET,False,1.88,1.57
12284,GET,True,7.26,2.4
12284,GET,True,8.8,2.83
12284,GET,True,3.27,2.42
12284,GET,True,8.03,2.51
12284,GET,False,4.47,1.89
12284,GET,False,5.22,1.69
12284,GET,True,2.6,2.41
12284,GET,True,6.31,2.21
12284,GET,False,2.09,1.62
12284,GET,False,2.62,1.73
12284,GET,True,2.93,2.46
12284,GET,True,3.12,2.67
12284,GET,True,3.18,2.57
12284,GET,True,3.32,2.32
12284,GET,False,4.02,1.88
12284,GET,True,3.76,2.69
12284,GET,True,18.41,4.18
12284,GET,False,1.69,1.29
12284,GET,False,2.15,1.46
12284,GET,True,3.0,2.03
12284,GET,True,2.62,2.33
12284,GET,False,6.4,2.33
12284,GET,True,2.84,1.88
12284,GET,False,2.36,1.78
12284,GET,True,3.54,1.96
12284,GET,True,3.57,2.62
12284,GET,False,2.25,1.68
12284,GET,False,3.97,1.74
12284,GET,False,4.78,1.48
12284,GET,True,11.04,3.07
12284,GET,False,2.12,1.25
12284,GET,True,8.15,2.52
12392,GET,False,6.38,1.88
12740,GET,True,6.29,2.12
12808,GET,False,3.0,1.46
12820,GET,False,3.37,1.88
12820,GET,True,3.45,2.42
12820,GET,True,12.34,4.48
12820,GET,True,2.43,2.08
12928,GET,False,2.49,1.66
12984,GET,False,2.1,1.85
12988,GET,True,3.76,2.18
13068,GET,True,9.08,2.09
13112,GET,False,4.71,1.78
13296,GET,True,2.96,2.18
13448,GET,False,2.23,1.66
13792,GET,True,3.19,1.87
13840,GET,False,3.02,4.38
13904,GET,False,2.83,1.75
13920,GET,False,3.94,2.41
13972,GET,False,2.36,1.69
14052,GET,False,2.6,2.32
14344,GET,True,8.62,3.82
14388,GET,True,3.41,1.92
14396,GET,False,1.66,1.32
14636,GET,True,2.72,1.88
14968,GET,True,9.26,3.88
14988,GET,False,3.0,1.87
15632,GET,False,1.59,1.72
15708,GET,True,6.25,2.3
15716,GET,True,4.08,2.83
15764,GET,False,2.58,1.73
16004,GET,True,6.63,3.29
16068,GET,True,2.96,2.65
16068,PUT,False,3.99,2.38
16172,GET,True,5.34,2.5
16384,GET,False,1.84,1.61
16384,GET,False,4.65,3.72
16384,GET,False,1.8,1.46
16384,GET,False,2.37,1.3
16384,GET,False,2.39,1.46
16384,GET,True,3.18,2.06
16384,GET,False,1.94,1.23
16384,GET,False,2.33,1.34
16384,GET,True,3.18,2.5
16384,GET,True,3.15,2.07
16384,GET,True,8.19,3.78
16384,GET,False,2.36,1.33
16384,GET,False,2.96,2.02
16384,GET,True,10.09,4.05
16384,GET,False,1.94,1.17
16384,GET,False,2.04,1.55
16384,GET,True,6.89,2.1
16384,GET,True,7.53,2.89
16384,GET,False,2.47,2.04
16384,GET,False,5.06,2.62
16384,GET,True,5.43,2.29
16384,PUT,False,3.97,2.83
16384,GET,False,3.59,2.2
16384,GET,False,1.82,1.33
16384,GET,False,3.02,1.47
16384,GET,True,3.57,2.18
16384,GET,True,6.86,2.16
16384,GET,False,2.85,3.71
16384,GET,True,3.03,1.87
16384,GET,False,3.08,1.4
16384,GET,False,2.1,1.59
16384,GET,True,2.92,1.98
16384,GET,True,2.99,2.3
16384,GET,True,5.09,2.87
16384,GET,True,3.14,2.11
16384,GET,False,1.93,1.67
16384,GET,False,3.58,1.75
16384,GET,True,3.48,2.67
16384,GET,True,14.94,2.69
16384,GET,True,9.41,3.29
16384,GET,True,4.5,1.9
16384,GET,True,7.88,3.1
16384,GET,True,9.58,5.05
16384,GET,False,4.77,1.4
16384,GET,False,2.46,1.81
16384,GET,False,2.09,1.35
16384,GET,True,5.67,2.29
16384,GET,True,2.26,1.8
16384,GET,False,4.02,1.95
16384,GET,False,2.48,1.74
16384,GET,False,1.65,1.58
16384,GET,True,3.59,2.97
16384,GET,True,6.82,3.72
16384,GET,True,2.81,1.71
16384,GET,True,4.4,2.26
16384,GET,False,1.9,1.25
16384,GET,False,2.14,1.37
16384,GET,True,2.97,1.94
16384,GET,False,2.3,1.63
16384,GET,True,3.73,2.26
16384,PUT,False,2.34,1.88
16384,GET,True,2.89,1.83
16384,GET,False,2.26,1.58
16384,GET,True,2.66,1.88
16384,GET,False,2.03,1.58
16384,GET,False,6.41,2.09
16384,GET,False,2.09,1.59
16384,GET,False,2.0,1.87
16384,GET,True,6.09,2.1
16384,GET,True,8.14,2.53
16384,GET,True,3.52,2.1
16384,GET,True,7.7,3.06
16384,GET,True,2.88,2.01
16384,GET,False,2.24,1.63
16384,GET,True,3.19,2.1
16384,GET,False,2.51,1.84
16384,GET,True,5.39,2.24
16384,GET,False,1.84,1.15
16384,GET,True,3.57,1.96
16384,GET,False,2.05,1.27
16384,GET,True,3.04,1.85
16384,GET,True,5.25,2.73
16384,GET,True,3.76,2.72
16384,GET,True,6.3,3.58
16384,GET,True,2.41,2.45
16384,GET,False,1.92,1.16
16384,GET,False,4.16,2.34
16384,GET,False,2.51,1.77
16384,GET,False,2.06,1.52
16384,GET,True,3.29,2.4
16384,GET,False,3.01,2.08
16384,GET,True,3.08,2.07
16384,GET,True,3.01,2.19
16384,GET,False,3.58,1.3
16384,GET,False,1.9,1.58
16384,GET,False,2.14,2.59
16384,GET,True,8.77,6.66
16384,GET,True,2.96,2.44
16384,GET,False,2.67,1.34
16384,GET,False,2.47,1.25
16384,GET,False,2.05,1.52
16384,GET,True,6.63,2.7
16384,GET,True,6.07,2.26
16384,GET,False,2.05,1.76
16384,GET,False,2.52,1.53
16384,GET,True,2.63,1.7
16384,GET,True,6.66,2.47
16384,GET,False,1.87,1.43
16384,GET,True,3.54,2.66
16384,GET,True,7.09,2.07
16384,GET,True,3.55,1.98
16384,GET,False,2.55,1.37
16384,GET,False,2.02,1.25
16384,GET,True,6.82,2.1
16384,GET,False,2.08,1.67
16384,GET,False,2.0,1.48
16384,GET,True,5.65,2.02
16384,GET,True,7.53,5.63
16384,GET,False,2.04,1.69
16384,GET,True,3.25,2.07
16384,GET,True,3.31,1.83
16384,GET,True,3.19,2.46
16384,GET,True,6.89,2.29
16384,GET,False,2.53,1.99
16384,GET,False,6.51,1.43
16384,GET,False,2.06,1.43
16384,GET,True,2.91,1.93
16384,GET,False,2.26,1.75
16384,GET,True,3.63,2.39
16384,GET,True,3.04,2.16
16384,GET,False,1.99,1.52
16384,GET,False,1.85,1.34
16384,GET,False,4.79,1.45
16384,PUT,False,4.25,2.23
16384,GET,False,2.2,1.18
16384,GET,True,7.34,3.75
16384,GET,True,3.4,2.61
16384,GET,False,1.8,1.23
16384,GET,True,4.09,2.13
16384,GET,False,3.17,1.73
16384,GET,False,2.81,1.36
16384,GET,False,2.38,1.39
16384,GET,True,2.51,1.99
16384,GET,True,10.61,2.49
16384,GET,True,2.77,2.5
16384,GET,True,6.34,2.13
16384,GET,True,6.0,2.4
32768,GET,True,4.68,1.8
32768,GET,True,5.96,2.62
32768,GET,False,1.55,1.2
32768,GET,False,1.72,1.07
32768,GET,False,1.89,2.01
32768,GET,False,3.74,2.01
32768,GET,False,1.67,1.39
32768,GET,True,3.37,1.7
32768,GET,False,1.5,1.24
32768,GET,True,8.01,3.16
32768,GET,True,2.42,1.9
32768,GET,False,2.71,1.18
32768,GET,True,3.73,1.95
32768,GET,True,7.0,3.51
32768,GET,True,3.23,2.17
32768,GET,False,2.22,1.63
32768,GET,False,1.59,1.5
32768,GET,False,1.83,1.17
32768,GET,False,1.65,1.47
32768,GET,True,5.02,1.9
32768,GET,False,1.65,1.17
32768,GET,False,1.78,1.27
32768,PUT,False,5.24,25.84
32768,GET,True,5.21,2.9
32768,GET,False,2.33,1.15
32768,GET,True,2.43,1.81
49152,GET,False,3.02,1.57
49152,GET,True,2.75,1.52
49152,GET,True,2.21,1.79
49152,GET,False,1.62,1.09
49152,GET,False,1.09,0.89
49152,GET,False,1.64,1.27
49152,GET,False,1.39,1.0
49152,GET,True,3.11,2.07
49152,GET,True,2.64,1.5
49152,GET,False,1.45,1.14
49152,GET,True,1.82,1.57
65536,GET,True,3.33,1.76
65536,GET,True,1.69,1.44
65536,GET,True,2.21,1.53
65536,GET,True,4.32,1.55
65536,GET,True,2.21,1.69
65536,GET,False,1.26,0.96
65536,GET,False,2.23,1.15
65536,GET,True,1.91,1.53
65536,GET,True,1.76,1.52
65536,GET,False,1.08,1.0
65536,GET,True,2.03,1.69
65536,GET,True,2.87,1.72
65536,PUT,False,1.77,337.72
65536,GET,True,3.79,1.86
65536,GET,False,1.24,1.1
65536,GET,True,1.99,1.6
65536,PUT,False,1.47,1.54
65536,GET,False,2.18,1.42
65536,GET,True,4.37,2.89
81920,GET,False,1.97,1.08
81920,GET,False,1.03,0.97
81920,GET,False,1.54,0.98
81920,GET,False,0.96,0.88
81920,GET,False,1.05,0.92
98304,GET,False,1.0,0.94
98304,GET,True,1.73,1.3
114688,GET,True,2.49,1.26
114688,GET,False,1.08,0.95
114688,GET,False,1.21,0.97
114688,GET,False,0.99,0.95
131072,GET,True,1.88,18.73
131072,GET,True,3.16,461.42
131072,GET,True,1.59,467.28
131072,PUT,False,1.28,1.32
131072,GET,True,2.06,36.69
131072,GET,True,1.77,900.09
147456,GET,False,0.95,0.9
147456,GET,False,1.27,1.03
147456,GET,True,3.24,2.91
147456,GET,True,3.67,2.24
147456,GET,False,1.1,0.93
147456,GET,True,3.01,2.7
147456,GET,False,0.92,0.92
163840,GET,True,2.77,2.16
163840,GET,True,2.17,2.17
163840,PUT,False,1.57,1.11
163840,GET,True,2.48,2.41
163840,PUT,False,1.11,146.67
163840,GET,True,2.56,3.19
163840,GET,False,0.98,0.87
163840,GET,False,1.03,0.97
163840,GET,True,3.5,1.25
163840,GET,False,0.96,0.93
163840,GET,True,3.41,2.4
163840,GET,True,2.34,2.14
163840,GET,True,3.52,2.54
163840,PUT,False,1.86,10.23
163840,GET,False,1.01,0.92
163840,GET,True,3.59,2.15
163840,GET,True,3.88,2.4
163840,GET,False,1.04,0.99
163840,GET,True,2.41,2.41
163840,GET,False,1.07,0.91
163840,GET,True,2.39,2.04
163840,GET,True,4.01,2.75
163840,GET,False,0.95,0.9
163840,GET,True,2.84,1.99
163840,GET,True,2.78,1.29
163840,GET,False,0.98,0.9
163840,PUT,False,1.6,1.25
163840,GET,False,0.97,0.94
180224,GET,True,2.69,2.06
180224,GET,True,1.72,1.21
196608,GET,False,1.19,0.93
196608,GET,True,2.58,2.98
196608,GET,True,2.92,1.43
196608,GET,True,3.09,2.2
212992,GET,False,0.98,2.25
245760,GET,True,3.01,1.77
245760,GET,False,1.14,0.97
245760,GET,False,0.96,0.89
245760,GET,True,2.52,2.08
262144,GET,False,0.91,0.89
262144,GET,True,3.01,227.66
262144,GET,False,1.0,0.93
262144,GET,False,0.93,0.86
262144,GET,True,2.78,210.32
262144,GET,False,1.01,0.93
262144,GET,True,2.25,152.84
262144,GET,False,0.95,0.89
262144,GET,True,2.41,17.59
278528,GET,True,2.84,232.4
278528,GET,True,2.35,223.23
278528,GET,True,2.17,1.84
278528,GET,True,2.57,479.59
278528,GET,False,0.88,0.89
278528,GET,False,0.92,0.89
278528,GET,True,2.85,1.53
278528,GET,True,2.77,1.47
278528,GET,False,1.1,0.92
278528,GET,False,0.94,0.89
278528,GET,False,0.92,0.9
294912,GET,False,0.94,0.89
294912,GET,True,2.21,1.6
294912,GET,False,0.94,0.9
294912,GET,True,1.68,1.72
294912,GET,True,3.05,443.92
294912,GET,False,0.98,0.93
294912,GET,True,2.09,207.08
294912,GET,True,1.9,1.56
294912,GET,True,2.09,17.06
294912,GET,False,1.0,0.87
294912,GET,True,2.45,1.72
294912,GET,False,0.9,0.87
294912,GET,True,3.03,1.53
294912,GET,False,0.89,0.89
294912,GET,True,2.44,220.89
294912,GET,False,1.16,0.91
294912,GET,False,0.92,0.92
294912,GET,True,2.4,1.53
294912,GET,False,0.88,0.88
311296,GET,False,1.03,0.91
311296,GET,False,0.96,0.91
311296,GET,True,2.33,1.51
327680,GET,False,1.07,0.92
327680,GET,False,1.02,0.92
327680,GET,False,0.97,1.0
327680,GET,True,2.26,1.51
344064,GET,False,0.94,0.88
344064,GET,True,2.28,1.33
360448,GET,True,2.47,167.87
360448,GET,False,0.92,0.9
360448,GET,True,2.5,374.23
360448,PUT,False,1.29,0.78
360448,PUT,False,1.37,0.78
360448,PUT,False,4.19,0.92
409600,GET,True,2.06,334.67
409600,GET,True,2.46,154.6
409600,GET,False,0.89,0.9
409600,GET,True,2.12,346.28
409600,GET,False,0.93,0.89
458752,GET,False,0.9,0.88
458752,GET,False,0.9,0.89
458752,PUT,False,1.21,44.28
458752,GET,True,1.9,1.53
458752,PUT,False,1.4,55.1
458752,GET,False,0.91,0.91
458752,GET,True,2.64,1.45
458752,GET,False,0.9,0.87
475136,GET,False,0.9,0.9
491520,GET,True,2.13,1.54
507904,GET,False,0.91,0.88
507904,GET,True,2.1,273.99
524288,GET,True,1.83,10.28
524288,GET,False,0.92,0.88
524288,GET,True,1.82,1.35
524288,GET,False,1.01,0.89
573440,GET,False,1.01,0.89
589824,GET,False,0.88,0.87
589824,GET,True,1.7,1.26
589824,GET,True,2.05,1.24
606208,GET,False,0.9,0.88
622592,GET,True,1.87,1.36
622592,GET,False,0.9,0.88
622592,GET,False,0.96,0.9
622592,GET,True,1.95,1.71
622592,GET,True,2.12,1.38
638976,GET,True,2.45,1.6
655360,GET,True,2.42,1.28
655360,GET,False,0.91,0.9
655360,GET,True,1.96,1.25
671744,PUT,False,1.25,1.15
671744,GET,False,0.89,0.87
671744,GET,True,2.18,1.15
671744,GET,True,1.79,212.31
671744,GET,True,1.9,1.33
671744,GET,True,2.33,1.39
671744,GET,True,2.31,1.3
671744,GET,False,0.88,0.87
671744,GET,False,0.89,0.88
688128,GET,True,2.24,1.27
688128,PUT,False,1.33,1.79
688128,GET,True,2.11,102.73
688128,GET,False,0.89,0.87
688128,PUT,False,1.19,0.73
704512,GET,False,0.88,0.87
737280,GET,True,1.97,87.45
753664,GET,True,1.88,1.81
753664,GET,True,2.2,1.41
770048,GET,False,0.94,0.88
786432,GET,False,0.91,0.9
786432,GET,True,2.25,177.38
802816,GET,False,0.95,0.87
802816,GET,False,0.9,0.87
802816,GET,True,2.1,2.0
802816,GET,False,0.85,0.85
819200,GET,True,2.29,1.2
819200,GET,False,0.91,0.89
819200,GET,True,2.54,74.49
819200,GET,False,0.88,0.88
819200,GET,True,1.52,6.42
819200,GET,False,0.88,0.88
819200,GET,False,0.88,0.87
819200,GET,True,2.43,1.19
819200,GET,False,0.91,0.91
819200,GET,False,0.92,0.88
819200,GET,True,2.26,62.9
819200,GET,True,2.27,1.2
819200,GET,False,0.96,0.88
819200,GET,False,0.91,0.88
819200,GET,False,0.9,0.9
835584,GET,True,2.01,1.21
868352,GET,False,0.9,0.87
868352,GET,False,0.94,0.89
868352,GET,True,1.85,1.38
884736,GET,True,1.96,161.88
884736,GET,False,0.88,0.88
884736,PUT,False,1.22,0.7
901120,GET,True,1.89,1.23
917504,GET,True,1.78,154.87
950272,GET,False,0.93,0.89
983040,GET,True,1.95,1.14
983040,GET,False,0.89,0.86
983040,GET,False,0.88,0.88
983040,GET,False,0.93,0.89
983040,GET,True,1.83,1.12
1015808,GET,False,0.9,0.89
1032192,GET,True,2.3,134.69
1032192,GET,False,0.86,0.85
1032192,GET,True,1.95,135.97
1032192,GET,True,2.08,1.2
1032192,GET,False,0.89,0.89
1048576,GET,False,0.89,0.87
1064960,GET,True,2.19,5.13
1064960,GET,True,1.82,1.17
1064960,GET,True,2.03,1.38
1064960,GET,True,1.89,1.3
1064960,GET,True,1.95,1.19
1064960,GET,True,1.87,1.2
1064960,GET,True,1.85,1.4
1064960,GET,False,0.9,0.89
1097728,GET,False,0.96,0.93
1114112,GET,True,1.73,1.22
1146880,GET,False,0.93,0.93
1146880,GET,False,0.93,0.92
1179648,GET,False,0.96,0.94
1179648,GET,True,2.35,1.21
1179648,GET,False,0.95,0.94
1196032,GET,False,0.93,0.93
1196032,GET,False,0.92,0.92
1212416,GET,True,2.17,4.45
1212416,GET,True,2.32,50.79
1212416,GET,False,0.95,0.94
1212416,GET,False,0.96,0.93
1228800,GET,False,0.95,0.94
1228800,GET,True,1.93,1.19
1228800,GET,True,1.8,1.17
1228800,GET,True,2.19,1.24
1261568,GET,False,0.93,0.92
1277952,GET,False,0.88,0.88
1277952,GET,False,1.01,0.96
1277952,GET,False,0.98,0.95
1277952,GET,True,1.97,1.24
1277952,GET,False,0.96,0.95
1294336,GET,True,2.0,1.25
1294336,GET,False,0.97,0.96
1310720,GET,False,0.97,0.96
1327104,GET,True,2.16,1.45
1327104,GET,True,2.21,1.26
1327104,GET,True,2.3,1.22
1392640,GET,True,1.74,1.22
1392640,GET,False,0.98,0.97
1425408,GET,False,0.98,0.97
1425408,GET,False,0.97,0.97
1474560,GET,True,2.45,1.43
1523712,GET,False,0.99,0.98
1572864,GET,False,0.99,0.99
1589248,GET,True,2.37,3.92
1589248,GET,True,2.28,1.26
1654784,GET,True,1.64,1.29
1736704,GET,True,2.13,94.73
1753088,GET,False,1.01,1.0
1753088,GET,False,1.02,1.0
1753088,GET,True,2.38,1.3
1753088,GET,False,1.0,1.0
1753088,PUT,False,1.15,0.69
1835008,GET,False,1.01,1.0
1835008,GET,True,2.32,89.16
1851392,GET,False,1.0,1.01
1900544,GET,True,2.04,1.27
1900544,GET,False,0.86,0.86
1900544,GET,True,1.8,1.11
1900544,GET,False,1.0,1.0
1900544,GET,False,1.0,1.0
1900544,GET,False,1.01,1.0
1900544,GET,True,1.8,37.43
1900544,GET,False,1.01,1.0
1916928,GET,False,1.01,1.0
1916928,GET,False,1.01,1.01
1916928,GET,True,2.07,23.06
1916928,GET,True,2.46,1.33
1916928,GET,False,1.01,1.0
1916928,GET,False,1.02,1.0
1916928,GET,False,1.0,1.0
1916928,GET,True,1.83,1.14
1916928,GET,True,2.26,1.27
1916928,GET,True,2.07,1.24
1916928,GET,False,1.0,1.0
1916928,GET,False,1.01,1.0
1966080,GET,True,1.85,83.57
1966080,GET,True,2.38,1.25
1982464,GET,False,1.05,1.01
1982464,GET,False,1.01,1.0
1982464,GET,True,2.27,2.8
1982464,GET,True,2.39,1.19
2064384,GET,True,2.06,3.71
2080768,GET,False,1.01,1.01
2080768,GET,True,2.0,81.13
2080768,GET,True,2.23,1.33
2080768,GET,True,2.03,1.28
2080768,GET,True,2.43,2.13
2097152,GET,False,1.0,1.0
2097152,GET,False,1.01,1.0
2097152,GET,False,1.03,1.0
2097152,GET,False,1.0,1.0
2097152,GET,False,1.01,1.01
2097152,GET,False,1.02,1.0
2097152,GET,True,2.19,1.22
2097152,GET,True,2.56,36.28
2113536,GET,True,1.96,1.27
2129920,GET,False,0.89,0.88
2195456,GET,True,2.38,1.47
2195456,GET,False,1.0,1.0
2195456,GET,True,2.32,1.35
2195456,GET,True,2.13,1.33
2228224,PUT,False,1.0,0.66
2228224,GET,True,2.31,1.17
2310144,GET,False,1.02,1.0
2310144,GET,False,1.01,1.0
2310144,GET,False,1.0,1.0
2310144,GET,True,2.32,1.28
2310144,GET,False,1.01,1.0
2310144,GET,True,1.91,1.34
2310144,GET,False,1.0,1.0
2310144,GET,True,2.19,33.54
2310144,GET,False,1.0,1.0
2342912,PUT,False,0.26,0.13
2342912,GET,True,1.94,34.4
2375680,GET,False,1.01,1.0
2441216,GET,False,1.0,1.01
2473984,GET,False,1.01,1.0
2490368,GET,False,1.01,1.01
2506752,GET,True,2.03,31.31
2506752,GET,True,1.92,2.79
2523136,GET,True,2.09,1.24
2555904,GET,False,1.01,1.0
2572288,GET,True,2.4,1.24
2572288,GET,True,2.03,64.04
2572288,GET,False,1.01,1.0
2605056,GET,True,2.17,1.38
2605056,GET,True,2.12,1.28
2686976,GET,False,1.0,1.0
2736128,GET,False,1.01,1.0
2736128,GET,True,2.43,62.1
2850816,GET,False,1.0,1.0
2965504,GET,True,2.09,25.49
3031040,GET,False,1.02,1.0
3063808,GET,False,1.01,1.0
3063808,GET,False,1.03,1.0
3096576,GET,False,1.0,1.0
3129344,GET,True,1.96,1.25
3194880,GET,True,2.29,24.61
3211264,GET,True,2.05,1.18
3227648,GET,True,2.02,1.83
3260416,GET,False,1.01,1.0
3342336,GET,False,1.01,1.0
3342336,GET,False,1.0,1.0
3342336,GET,True,2.37,1.21
3342336,GET,True,2.41,50.14
3407872,GET,True,2.02,49.44
3407872,GET,True,1.64,1.21
3407872,GET,False,1.01,1.0
3440640,GET,False,1.0,1.0
3457024,GET,False,0.99,0.98
3522560,GET,True,2.12,1.37
3555328,GET,True,1.85,17.13
3555328,GET,True,2.12,47.9
3571712,GET,True,2.08,1.12
3768320,GET,False,1.01,1.0
3833856,GET,True,2.37,1.2
3997696,GET,False,1.01,1.0
4063232,GET,False,1.01,1.0
4128768,GET,False,1.0,1.0
4259840,GET,True,2.37,1.33
4358144,PUT,False,1.11,0.5
4358144,PUT,False,1.14,0.67
4489216,GET,True,2.13,1.28
4587520,GET,False,1.0,1.0
4587520,GET,True,2.36,1.18
4784128,GET,True,2.05,2.87
4833280,GET,True,2.39,1.16
4882432,GET,True,2.35,16.2
4898816,GET,False,1.0,1.0
4915200,GET,True,1.76,35.04
4997120,GET,True,2.17,1.34
5013504,GET,False,1.02,1.02
5062656,GET,False,1.02,1.0
5062656,PUT,False,1.12,0.65
5455872,GET,False,1.0,1.0
5455872,GET,True,2.32,1.13
5455872,GET,False,1.0,1.0
5619712,GET,True,2.13,1.18
5619712,GET,False,0.99,0.99
6012928,GET,True,2.31,12.31
6078464,GET,False,1.02,1.01
6078464,GET,True,2.47,1.18
6078464,GET,True,2.12,1.16
6111232,GET,False,1.01,1.0
6111232,GET,False,1.02,1.0
6111232,GET,False,1.01,1.0
6111232,GET,True,2.02,1.26
6111232,GET,False,0.99,0.99
6160384,GET,False,1.01,1.0
6324224,GET,False,0.99,0.98
6455296,GET,True,2.01,26.21
6455296,GET,False,1.0,1.0
6455296,GET,False,1.0,0.99
6471680,GET,False,0.99,0.99
6586368,GET,False,1.03,1.01
6684672,GET,False,1.0,1.0
6864896,GET,True,2.12,1.15
6897664,GET,True,2.07,1.29
7143424,GET,False,0.98,0.99
7241728,PUT,False,1.15,0.61
7241728,PUT,False,1.05,0.59
7241728,PUT,False,1.09,0.53
7241728,GET,False,1.0,0.99
7520256,GET,False,0.98,0.98
7520256,GET,False,0.99,0.98
7536640,GET,True,2.15,1.12
7700480,GET,False,1.0,0.99
7716864,GET,True,2.17,1.12
7847936,GET,True,2.28,1.12
7847936,GET,False,1.01,1.0
7847936,GET,True,2.09,1.11
7880704,GET,False,1.01,1.0
7929856,GET,True,2.39,21.32
8060928,GET,False,0.99,1.0
8060928,GET,True,1.99,21.43
8060928,GET,True,2.33,1.14
8060928,GET,False,1.01,1.0
8126464,GET,False,1.0,1.0
8159232,GET,False,0.99,0.99
8224768,GET,True,2.33,21.12
8273920,GET,True,2.1,1.11
8323072,GET,True,2.11,1.11
8404992,GET,False,0.99,1.0
8421376,GET,False,0.99,0.99
8437760,GET,False,1.0,0.99
8519680,GET,False,1.0,1.0
8585216,PUT,False,1.06,0.66
8585216,GET,False,0.99,0.99
8585216,GET,True,2.1,1.07
8601600,GET,True,2.32,19.78
8716288,GET,True,2.16,1.35
8847360,GET,True,2.14,1.07
8863744,GET,True,2.37,1.16
8863744,GET,False,0.99,0.99
9027584,GET,False,1.01,1.01
9142272,GET,True,1.89,7.98
9175040,GET,False,1.01,1.01
9191424,GET,False,0.99,0.99
9191424,GET,True,1.94,1.09
9273344,GET,True,2.27,1.13
9338880,GET,False,1.0,1.0
9338880,GET,False,1.01,1.0
9388032,GET,True,2.28,6.48
9388032,GET,True,2.21,1.15
9502720,GET,True,2.16,1.13
9601024,GET,True,2.11,1.31
9617408,GET,False,1.0,1.01
9633792,GET,True,2.12,18.23
9633792,GET,True,2.08,1.13
9633792,GET,True,2.16,1.15
9912320,GET,True,1.91,1.1
10010624,GET,True,2.16,1.15
10289152,GET,False,1.0,0.99
10289152,GET,False,1.01,0.99
10649600,GET,False,1.0,1.0
10665984,GET,True,2.31,1.27
10731520,GET,True,2.3,16.21
10747904,GET,True,2.25,16.0
10747904,GET,True,2.41,1.14
10764288,GET,False,1.02,1.01
10764288,GET,True,2.13,15.74
10764288,GET,False,1.02,1.01
10764288,GET,False,1.01,1.0
10862592,GET,False,1.0,1.0
10977280,GET,False,0.99,0.99
11010048,GET,False,1.0,1.0
11010048,GET,True,2.3,1.1
11157504,GET,True,1.97,1.28
11321344,GET,False,0.99,0.98
11517952,GET,True,2.18,1.15
11714560,GET,True,1.9,15.07
11714560,GET,True,1.87,1.16
11862016,GET,False,0.99,0.99
11943936,GET,False,1.0,0.99
11960320,GET,True,2.43,1.14
11976704,GET,True,2.12,1.13
12156928,GET,False,1.0,0.99
12156928,GET,True,2.39,1.14
12156928,PUT,False,0.96,0.61
12484608,GET,True,2.24,1.1
12582912,GET,False,1.0,1.0
12582912,PUT,False,0.97,0.64
12582912,PUT,False,1.06,0.55
12713984,GET,False,1.0,0.99
12763136,GET,False,0.99,0.99
12828672,GET,True,2.37,1.3
12845056,GET,True,2.28,6.44
12845056,GET,False,1.01,0.99
12845056,GET,True,1.9,13.32
12861440,GET,True,2.04,1.1
12861440,GET,True,1.89,1.09
12877824,GET,True,2.41,7.09
12976128,GET,False,1.0,1.0
13058048,GET,False,1.0,1.0
13090816,GET,True,1.9,1.11
13467648,GET,True,2.4,1.11
13467648,GET,False,1.0,1.0
13484032,GET,False,1.0,1.0
13484032,GET,False,1.0,1.0
13500416,GET,False,0.99,0.98
13500416,GET,True,1.82,12.8
13500416,GET,True,2.15,13.3
13598720,GET,True,2.21,1.14
13631488,GET,True,1.93,1.11
13910016,GET,False,1.01,1.0
13910016,GET,True,2.35,1.13
13910016,GET,False,1.0,1.0
13910016,GET,False,1.0,1.0
13942784,GET,True,2.09,6.6
13942784,GET,True,2.22,1.17
13942784,GET,False,1.01,1.0
13942784,GET,False,1.01,1.0
13942784,GET,True,2.23,1.29
13942784,GET,False,1.0,1.0
14188544,GET,False,1.0,1.0
14221312,GET,True,2.23,1.14
14237696,GET,True,2.43,1.13
14286848,GET,False,1.0,1.0
14991360,GET,False,1.0,1.0
14991360,GET,True,2.12,1.12
15056896,GET,True,2.12,1.33
15351808,GET,False,1.0,1.0
15351808,GET,True,2.16,1.08
15368192,GET,False,1.01,1.0
15433728,GET,True,2.1,1.28
15564800,GET,True,2.18,11.67
15777792,GET,False,1.0,1.0
15826944,GET,True,1.99,1.1
15974400,GET,True,1.74,1.12
16187392,GET,False,1.01,1.0
16416768,GET,False,1.01,1.0
16482304,GET,True,1.84,1.07
16629760,GET,True,2.39,1.13
16629760,GET,True,2.4,1.11
16629760,GET,False,1.0,0.99
16629760,GET,False,1.01,1.0
16629760,GET,False,1.0,1.01
16646144,GET,False,1.01,1.0
16728064,GET,False,1.0,1.0
16973824,GET,True,2.18,1.16
16973824,GET,True,2.22,1.1
17186816,GET,True,2.14,1.31
17416192,GET,True,2.12,5.49
17743872,GET,False,1.01,1.0
17743872,GET,True,2.08,1.08
17743872,GET,True,2.15,1.12
17743872,GET,True,1.99,5.76
17793024,GET,True,2.27,10.36
17809408,GET,False,1.0,1.0
18137088,GET,False,1.0,1.0
18202624,GET,True,1.92,1.25
18481152,GET,True,1.98,1.25
18513920,GET,False,1.0,0.99
18513920,GET,True,2.25,9.79
18513920,GET,True,2.2,1.08
18513920,GET,True,1.93,1.11
18513920,GET,False,0.35,0.34
18530304,GET,False,1.0,1.0
18530304,GET,False,1.0,1.0
18825216,GET,True,2.4,1.1
18825216,GET,True,2.12,1.09
18825216,GET,True,2.38,9.77
18874368,GET,False,1.01,1.0
19054592,GET,True,1.96,1.12
19070976,GET,False,1.0,1.0
19070976,PUT,False,1.05,1.82
19070976,GET,True,2.15,1.34
19070976,GET,False,1.01,1.0
19070976,PUT,False,0.99,0.56
19070976,GET,True,2.15,5.37
19070976,PUT,False,1.05,0.59
19152896,GET,False,1.01,1.0
19152896,GET,True,2.17,1.09
19152896,GET,False,1.01,1.0
19152896,GET,True,1.96,1.27
19152896,GET,True,2.17,1.13
19251200,GET,False,1.0,1.0
19513344,GET,False,1.0,0.99
19693568,GET,False,1.0,1.0
19775488,GET,False,1.01,1.0
19873792,GET,True,1.96,1.12
20529152,GET,True,2.07,1.24
20561920,GET,False,0.87,0.87
20676608,GET,True,2.25,8.82
20725760,GET,False,1.0,1.0
20856832,GET,True,2.17,8.99
21037056,GET,True,2.05,1.07
21037056,GET,True,2.38,1.34
21037056,GET,True,2.15,4.99
21528576,GET,False,1.0,1.0
21528576,GET,True,2.43,4.59
21528576,GET,True,2.11,4.97
21626880,GET,True,2.12,1.11
21643264,GET,False,1.0,1.0
21659648,GET,False,1.0,0.99
21692416,GET,True,1.83,8.54
21692416,GET,False,1.0,1.0
21692416,GET,True,2.19,8.59
21790720,GET,True,2.21,1.22
21954560,GET,True,2.15,1.1
21970944,GET,False,1.0,1.0
22020096,GET,True,2.17,1.08
22102016,GET,False,1.0,0.99
22102016,GET,True,2.24,1.08
22102016,GET,True,1.77,1.08
22102016,GET,True,1.97,4.72
22282240,GET,True,2.4,1.11
22282240,GET,False,1.01,1.0
22282240,GET,False,1.0,1.0
22364160,PUT,False,1.05,1.61
22364160,PUT,False,1.03,0.55
22528000,PUT,False,1.09,0.61
22609920,GET,False,1.0,0.99
22609920,GET,False,0.99,0.99
22822912,GET,True,2.17,4.53
23035904,PUT,False,0.97,1.49
23150592,GET,False,1.0,1.0
23183360,GET,False,1.0,1.0
23248896,GET,True,2.28,1.08
23330816,GET,False,1.0,1.0
23461888,GET,True,2.07,4.43
23478272,GET,False,1.0,1.0
23658496,GET,True,1.99,1.08
23756800,GET,False,1.0,1.0
23887872,GET,True,2.35,1.12
23887872,GET,True,2.19,1.09
24608768,GET,True,2.11,1.07
24625152,GET,False,1.0,1.0
25034752,PUT,False,1.0,0.56
25346048,GET,True,2.13,3.61
25346048,GET,True,2.15,1.07
25640960,GET,False,1.0,1.0
25640960,GET,False,1.0,1.0
25640960,GET,True,2.23,4.3
25640960,GET,False,0.99,0.99
25690112,GET,False,1.01,1.01
25788416,GET,True,2.3,1.06
25804800,GET,False,0.99,0.99
26247168,GET,False,1.0,1.0
26443776,GET,True,2.33,1.11
26443776,GET,True,2.08,1.11
26443776,GET,True,2.18,1.1
26460160,GET,True,2.11,1.08
27017216,GET,False,1.0,1.0
27279360,GET,True,2.41,1.35
27344896,GET,True,2.43,6.98
27672576,GET,False,1.0,1.0
27721728,GET,False,1.0,1.0
27869184,GET,True,2.03,3.97
28196864,GET,False,1.0,1.0
28196864,GET,False,1.0,1.0
28311552,GET,True,1.97,1.06
28475392,GET,True,2.25,1.35
28770304,PUT,False,1.0,0.62
28770304,PUT,False,1.07,0.66
28868608,GET,False,1.0,1.0
29048832,GET,True,1.98,6.71
29065216,GET,True,2.15,1.08
29360128,GET,True,2.12,1.33
29507584,GET,False,1.0,1.0
29851648,GET,True,2.35,6.43
29949952,GET,False,1.0,1.0
29949952,GET,False,1.0,1.0
30523392,GET,True,2.38,3.93
30883840,GET,True,2.23,1.08
32210944,GET,False,1.0,1.01
32899072,GET,False,1.0,1.0
33177600,GET,False,1.0,1.0
33210368,GET,False,1.0,1.0
33505280,GET,False,1.0,1.0
33619968,GET,True,2.19,1.48
33783808,GET,True,2.18,1.45
33816576,GET,False,1.0,1.0
33931264,GET,False,1.0,1.0
33931264,GET,False,1.0,1.0
33996800,GET,True,2.17,1.37
33996800,GET,False,1.0,1.0
34291712,GET,False,1.0,1.0
34455552,GET,True,2.38,1.46
34504704,GET,True,2.36,1.22
35094528,GET,True,2.42,1.44
35487744,GET,False,1.0,1.0
35733504,GET,True,2.15,1.11
36192256,GET,True,2.39,3.14
36388864,GET,False,1.0,1.0
36552704,GET,True,2.42,1.19
36962304,GET,True,2.17,1.07
36995072,GET,True,2.33,5.44
37224448,GET,False,1.0,1.0
38092800,GET,False,1.0,1.0
38322176,GET,False,1.0,1.01
38699008,GET,True,2.39,1.07
38699008,PUT,False,1.06,1.15
38699008,GET,False,1.0,1.0
38699008,GET,True,2.27,6.75
39141376,GET,True,1.89,1.39
39337984,GET,False,1.0,1.0
40828928,GET,True,2.41,4.93
41828352,GET,True,2.41,2.3
41893888,GET,True,2.73,1.08
41893888,GET,False,1.0,1.0
41893888,GET,False,1.0,1.0
41910272,GET,True,2.32,1.15
41910272,GET,True,2.21,1.07
41959424,PUT,False,1.11,0.64
41992192,GET,True,1.88,3.27
42319872,GET,True,2.38,1.41
42319872,GET,True,2.15,4.95
42319872,GET,True,2.28,1.41
42319872,GET,True,2.36,1.46
42336256,GET,True,2.2,1.21
42336256,GET,False,0.92,0.92
42450944,GET,True,2.08,1.07
42450944,GET,True,2.13,2.59
42483712,GET,True,2.12,1.04
43171840,GET,False,1.0,1.0
43171840,GET,False,1.0,1.0
43171840,GET,True,2.15,1.12
43171840,PUT,False,1.13,0.6
43302912,GET,False,1.0,1.0
43499520,GET,False,1.0,1.0
44056576,GET,False,1.0,1.0
44220416,GET,True,2.13,1.04
44974080,GET,True,1.96,1.25
45023232,GET,False,1.0,1.0
45875200,GET,False,1.0,1.0
45940736,GET,True,2.42,3.01
45940736,GET,False,1.0,1.0
45940736,GET,True,2.39,1.46
45940736,GET,True,2.19,4.37
46563328,GET,True,2.14,1.13
46563328,GET,False,1.0,1.0
46891008,PUT,False,1.03,0.63
46891008,GET,True,2.41,2.42
46891008,GET,True,2.12,4.46
46891008,GET,True,1.96,1.17
47185920,GET,False,1.0,1.01
47579136,GET,False,1.0,1.0
48857088,PUT,False,1.11,0.57
49496064,GET,False,1.0,1.0
49545216,GET,True,2.02,1.16
49545216,GET,False,1.0,1.0
49545216,GET,False,1.0,1.0
49807360,GET,True,2.38,4.23
50413568,PUT,False,1.03,0.57
50757632,GET,True,2.36,2.29
51200000,GET,False,1.0,1.0
51249152,GET,False,1.0,1.01
51281920,GET,True,2.58,1.21
51298304,GET,True,2.42,1.47
51576832,GET,True,2.05,1.82
52477952,GET,True,2.39,1.1
53395456,GET,True,2.2,1.05
53510144,GET,False,1.0,1.0
53641216,GET,True,2.44,1.04
54394880,GET,True,2.34,1.19
54394880,GET,False,1.0,1.01
54394880,GET,True,2.23,1.48
54394880,GET,True,2.4,1.34
54394880,GET,False,1.0,1.0
54394880,GET,False,1.0,1.0
54394880,GET,True,2.48,1.06
54542336,GET,False,1.0,1.0
56475648,GET,True,2.21,1.05
56475648,GET,True,2.22,3.7
57425920,GET,False,1.0,1.0
57753600,GET,True,1.98,2.1
57769984,GET,False,1.0,1.0
57950208,GET,False,1.0,1.0
58015744,GET,True,2.11,1.08
58015744,GET,True,2.18,1.05
58245120,GET,False,1.0,1.0
58310656,GET,False,1.0,1.0
58621952,GET,False,1.0,1.01
59572224,GET,True,2.23,3.68
59719680,GET,True,2.37,1.22
60063744,GET,False,1.0,1.01
61014016,GET,False,1.0,1.0
61030400,GET,False,1.0,1.0
61046784,GET,True,2.21,1.12
61046784,GET,False,1.0,1.0
61063168,GET,False,1.0,1.0
61063168,GET,False,1.0,1.01
61095936,GET,False,1.0,1.0
61161472,GET,False,1.0,1.0
61407232,GET,False,1.0,1.0
62308352,GET,False,0.73,0.73
62373888,GET,True,2.31,2.69
63291392,GET,True,2.23,1.22
63488000,GET,True,2.22,3.7
63488000,GET,False,1.0,1.0
63848448,GET,False,1.0,1.0
64471040,GET,True,2.19,3.33
64733184,GET,True,2.22,1.25
65454080,GET,False,1.0,1.0
65699840,PUT,False,1.12,0.56
65699840,PUT,False,1.0,0.56
66191360,GET,False,1.0,1.0
66715648,GET,True,2.36,2.03
66945024,GET,False,1.0,1.01
66945024,GET,False,1.0,1.01
66945024,GET,True,2.22,2.58
66945024,GET,False,1.0,1.0
66994176,GET,False,1.0,1.0
67010560,GET,False,1.0,1.01
67092480,GET,True,2.2,1.2
67092480,GET,False,1.0,1.0
67092480,GET,False,1.0,1.0
67092480,GET,False,1.0,1.0
68599808,GET,True,2.19,1.45
69222400,GET,True,2.36,3.22
70434816,GET,False,1.0,1.0
70451200,GET,False,1.0,1.0
70533120,GET,False,1.0,1.0
70549504,GET,False,1.0,1.0
70811648,GET,True,2.19,3.19
71237632,GET,False,1.0,1.0
72679424,GET,False,1.0,1.0
72679424,GET,True,2.39,2.88
72679424,GET,True,2.3,1.24
72679424,GET,True,1.97,2.29
72679424,GET,True,2.18,3.22
73416704,GET,False,1.0,1.0
74366976,PUT,False,1.05,0.78
74366976,GET,True,2.18,1.4
74760192,GET,True,2.39,1.45
74891264,GET,True,2.25,2.39
75448320,GET,False,1.0,1.0
75988992,GET,False,1.0,1.0
76300288,GET,True,2.13,1.79
76365824,GET,False,1.0,1.0
76365824,PUT,False,1.08,0.58
77578240,GET,True,2.24,2.99
77643776,GET,False,1.0,1.0
79560704,GET,True,2.2,1.03
79560704,GET,False,1.0,1.0
80691200,GET,False,1.0,1.0
81166336,GET,True,2.23,1.2
82493440,GET,False,1.0,1.01
82493440,GET,True,2.16,2.36
82493440,GET,True,2.13,1.18
82493440,GET,False,1.0,1.0
82493440,GET,False,1.0,1.01
82493440,GET,True,2.39,1.46
82493440,GET,False,1.0,1.0
82493440,GET,True,2.24,2.89
82493440,GET,True,2.27,1.18
82493440,GET,True,2.21,1.4
82493440,GET,False,1.13,1.01
82493440,GET,False,1.0,1.0
82493440,GET,True,2.19,1.04
82493440,GET,True,2.14,1.22
82493440,GET,False,1.0,1.0
82493440,GET,True,2.22,2.89
82493440,GET,True,1.89,1.45
82493440,GET,True,2.41,1.32
82493440,GET,False,1.0,1.0
82493440,GET,False,1.0,1.0
82493440,GET,True,2.21,1.45
82493440,GET,True,2.05,2.87
82493440,GET,False,1.0,1.0
82493440,GET,True,2.36,1.17
82493440,GET,True,2.14,2.19
82493440,GET,True,2.19,4.05
82493440,GET,False,1.0,1.0
82493440,GET,False,1.0,1.0
82493440,GET,False,1.0,1.0
82493440,GET,False,1.0,1.0
82493440,GET,True,2.22,1.04
82493440,GET,True,2.37,1.29
82493440,GET,False,1.0,1.01
82493440,GET,False,1.0,1.0
82493440,GET,True,2.04,1.41
82493440,GET,True,2.19,2.77
82493440,GET,False,1.0,1.0
82493440,GET,False,1.0,1.0
82493440,GET,True,2.27,1.25
82493440,GET,True,2.22,1.11
82493440,GET,False,1.0,1.0
82493440,GET,False,1.0,1.0
82493440,GET,True,2.29,2.87
82493440,GET,False,1.0,1.0
82493440,GET,True,2.41,1.45
82493440,PUT,False,1.07,0.57
82493440,GET,True,2.39,1.21
82493440,PUT,False,1.11,0.58
82493440,GET,True,1.81,1.12
82509824,GET,True,2.14,3.07
82509824,GET,False,1.0,1.0
82509824,GET,False,1.0,1.0
82509824,PUT,False,1.05,0.71
82509824,GET,True,2.37,1.49
82509824,GET,True,2.2,2.15
82509824,GET,True,2.31,2.82
82509824,GET,True,2.13,1.03
82509824,GET,True,2.19,1.22
82509824,GET,False,1.0,1.0
82509824,GET,True,2.24,2.9
82509824,GET,True,2.24,1.48
82509824,PUT,False,0.99,0.96
82509824,GET,True,2.38,3.06
82509824,GET,True,2.05,1.13
82509824,GET,True,2.27,1.45
82509824,PUT,False,1.1,0.71
82509824,PUT,False,1.06,0.74
82509824,PUT,False,1.11,0.58
82509824,GET,False,1.0,1.0
82509824,GET,False,1.0,1.0
82509824,GET,False,1.0,1.0
82509824,GET,True,2.42,1.36
82509824,GET,False,1.0,1.0
82509824,GET,False,1.0,1.0
82657280,GET,False,1.0,1.01
83492864,GET,False,1.0,1.01
83574784,GET,False,1.0,1.35
83689472,GET,False,1.0,1.0
83918848,GET,True,2.4,2.35
83918848,GET,False,1.0,1.0
83918848,GET,False,1.0,1.0
83935232,GET,True,2.26,1.04
83935232,GET,True,2.36,1.23
83935232,GET,True,2.23,1.16
83935232,GET,True,2.25,1.04
84213760,GET,False,1.0,1.0
84213760,GET,True,1.89,1.23
84246528,GET,False,1.0,1.0
84246528,GET,True,2.39,2.18
84246528,GET,False,1.0,1.0
84295680,GET,False,1.0,1.01
84459520,GET,False,1.0,1.0
84525056,GET,False,1.0,1.0
84803584,GET,False,1.0,1.0
89014272,GET,False,1.0,1.0
90095616,GET,False,1.0,1.0
92979200,GET,True,2.4,1.41
92979200,GET,True,2.4,3.82
92979200,GET,False,1.0,1.0
93470720,GET,False,1.0,1.0
94830592,GET,True,2.24,1.17
95813632,GET,True,1.86,1.16
95813632,GET,True,2.42,3.74
95813632,GET,True,2.09,1.17
96403456,GET,False,1.0,1.01
96550912,GET,True,2.38,1.33
97484800,GET,True,1.93,1.42
98025472,GET,True,2.23,1.22
98828288,GET,True,2.39,1.03
98828288,GET,True,2.11,1.36
99467264,GET,True,1.88,1.21
99598336,GET,True,2.37,2.61
99876864,GET,False,1.0,1.0
99876864,GET,True,2.11,1.23
100073472,GET,True,2.2,1.04
100073472,GET,False,1.0,1.0
100073472,GET,False,1.0,1.0
100810752,GET,True,2.41,1.19
100859904,GET,True,2.21,2.61
101859328,PUT,False,1.1,0.6
101875712,GET,False,1.0,1.01
102432768,GET,True,2.4,1.04
106987520,GET,False,1.0,1.01
107118592,GET,True,2.18,2.22
107118592,GET,True,2.21,1.44
109051904,GET,True,2.36,3.3
109051904,GET,True,2.35,1.41
109051904,GET,True,2.41,1.43
109051904,GET,False,1.0,1.0
109690880,GET,True,2.51,1.4
110067712,GET,True,2.38,3.28
110215168,GET,True,2.34,3.28
110231552,GET,False,1.0,1.0
110247936,GET,False,1.0,1.0
110477312,GET,True,1.95,1.04
111509504,GET,True,2.4,1.55
111788032,GET,True,2.4,3.3
111788032,GET,True,2.19,1.3
111788032,GET,False,1.0,1.01
112279552,GET,True,2.09,3.12
120242176,GET,False,1.0,1.0
120307712,GET,False,1.0,1.0
120733696,GET,False,1.0,1.0
120733696,GET,True,2.12,1.34
122093568,PUT,False,1.08,0.57
123404288,GET,True,2.19,1.44
124272640,GET,True,2.24,1.32
126271488,GET,False,1.0,1.0
126271488,PUT,False,1.09,0.61
128172032,GET,False,1.0,1.01
128548864,GET,False,1.0,1.0
128565248,GET,False,1.0,1.02
129646592,GET,True,1.87,1.31
129695744,GET,False,1.0,1.0
129925120,GET,True,2.4,1.3
129925120,GET,True,2.21,1.48
131858432,GET,True,2.38,1.48
137396224,GET,True,2.4,1.25
139378688,GET,False,1.0,1.0
139395072,GET,False,1.0,1.0
141983744,GET,True,2.19,1.39
142458880,GET,False,1.0,1.01
146030592,GET,False,1.0,1.0
146112512,GET,False,1.0,1.0
146112512,GET,False,1.0,1.0
146898944,GET,True,2.14,1.48
148471808,GET,False,1.0,1.0
148471808,GET,False,1.0,1.0
148471808,GET,True,2.24,1.5
148471808,GET,True,2.11,1.27
148471808,GET,True,2.17,1.44
150061056,GET,False,1.0,1.0
150093824,GET,False,1.0,1.0
153845760,GET,True,2.33,2.5
154386432,GET,True,2.34,2.03
163233792,GET,True,2.16,1.47
165380096,GET,True,2.37,1.3
169852928,GET,False,1.0,1.0
172605440,GET,True,2.37,1.43
180600832,GET,True,2.15,1.69
182272000,GET,False,1.0,1.0
186712064,GET,True,2.16,2.88
191496192,GET,True,2.16,1.16
196493312,GET,True,2.17,2.68
205438976,GET,True,2.31,2.59
215007232,GET,True,2.15,1.42
217694208,GET,True,2.15,1.17
221036544,GET,False,1.0,1.01
229359616,GET,False,1.0,1.0
237371392,GET,True,2.15,1.14
237371392,GET,False,1.0,1.01
237371392,GET,False,1.0,1.0
237371392,GET,False,1.0,1.0
237371392,GET,True,2.15,1.35
237371392,GET,False,1.0,1.01
239747072,GET,True,2.04,2.42
239747072,GET,True,2.14,1.26
244334592,GET,True,2.36,2.32
269516800,GET,True,2.14,2.65
285114368,GET,True,2.34,1.25
296321024,GET,False,1.0,1.0
314081280,GET,True,2.06,1.2
314081280,GET,False,1.0,1.0
314621952,GET,True,2.32,2.32
314621952,GET,True,2.07,1.37
314654720,PUT,False,0.95,0.63
316375040,GET,True,2.34,1.03
334020608,GET,False,1.0,1.0
372080640,GET,True,2.32,1.19
373112832,GET,False,1.0,1.0
380583936,GET,False,1.0,1.0
389038080,GET,True,2.3,1.06
392806400,GET,True,2.32,1.33
447938560,GET,True,2.11,1.08
479412224,GET,True,2.06,2.41
479412224,GET,True,2.3,1.08
479461376,GET,True,1.91,1.14
479461376,GET,False,1.0,1.0
504938496,GET,False,1.0,1.0
586235904,GET,True,2.28,2.15
690372608,GET,True,2.02,1.02
692256768,GET,True,1.89,1.07
